dream_id,dream_keyword,left
71,งูกัด,ฝันว่างูกัด ทายว่า ศัตรูเพศตรงข้ามจะคิดร้าย หรือถูกติฉินหากเพื่อนบ้าน ถ้าถูกกัดต่ำ ก็ยิ่งแสดงให้เห็น
134,ซอ,ฝันว่าเล่นซอหรือไวโอลิน หรือเครื่องดนตรีประเภทสี ทายว่าจะมีคนคิดร้ายหรือฉ้อโกงทรัพย์สิน ระวังคนแปลกห
3,กฑา (ธนู),ฝันเห็นกฑา หรือธนู หรือหน้าไม้ ทายว่า จะมีลาภ หรือได้รับข่าวเกี่ยวกับญาติมิตรทางไกล
4,กวาง,ฝันเห็นกวาง หรือเขากวาง หรือจับมันลูกกวาง ทายว่า จะได้เลื่อนยศหรือตำแหน่งหน้าที่การงาน แต่มีอันให้ต้
6,โกนผม,ฝันว่าโกนผมหรือโกนหนวด ทายว่า จะได้รับเคราะห์เกี่ยวกับทรัพย์สินหรือเจ็บป่วย
8,โกมุท (ดอกบัว),ฝันเห็นดอกบัวตูมหรือโกมุท ได้ถือดอกบัวสีแดง ทายว่า จะหมดเคราะห์หมดทุกข์ ถ้าป่วยจะหาย ถ้าปกติจะได้ลาภ
12,กงเต็ก,ฝันเห็นพิธีกงเต็กในงานศพ หรือได้เห็นเครื่องกงเต็ก ทายว่า จะหมดเคราะห์หมดทุกข์ ถ้าป่วยก็จะหายในเร็ววั
11,กรวดทราย,ฝันเห็นกรวดทราย หรือได้จับก้อนกรวดก้อนทราย จะได้รับทุกข์เกี่ยวกับการยื่นมือเข้าไปช่วยเหลือผู้อื่น หร
5,โกศ,ฝันเห็นโกศศพในงานพิธีต่าง ๆ หรือโกศใส่กระดูก ทายว่า จะได้ลาภข้าวของเงินทองจากญาติผู้ใหญ่ หรืออาจจะได
10,กระดุม,ฝันเห็นลูกกระดุม หรือเครื่องเย็บสอย ทายว่า ถ้าเป็นสตรีสาวโสดจะได้พบเนื้อคู่ บุรุษจะได้ลาภในหน้าที่กา
13,กระเป๋า,ฝันเห็นกระเป๋าใส่เงิน หรือกระเป๋าใส่เสื้อผ้าเดินทาง ทายว่า จะได้เลื่อนตำแหน่งหน้าที่ในการงาน หรือมีก
14,กระท่อม,ฝันเห็นกระท่อม หรือกระต๊อบหลังเล็ก ๆ กลางทุ่ง ไม่มีคนอยู่อาศัย ทายว่า จะต้องมีการเดินทางไกลหรือต้องถ
15,กระดิ่ง,ฝันเห็นกระดิ่ง หรือได้ยินเสียงกระดิ่ง หรือระฆัง และในฝันมั่นใจว่าเป็นเสียงกระดิ่งหรือระฆังแน่นอน ทาย
24,ก้างปลา,ฝันว่าได้เห็น หรือได้เกี้ยวกินก้างปลา ทำนายว่า จะเกิดอุปสรรครบตัวของกิจการที่กำลังทำอยู่ แต่ในที่สุด
132,ซ่อนกลิ่น,ฝันเห็นดอกซ่อนกลิ่น หรือได้ถือกำดอกซ่อนกลิ่น ทายว่า จะต้องเสียญาติผู้ใหญ่ หรือคนในบ้านจะมีเคราะห์แทน
550,ศาลเจ้า,ฝันเห็นศาลเจ้า หรือเข้าไปนั่งในศาลเจ้า หรือนำกิ้งไปไหว้ทางกุม หมายว่า จะหมดอุปทวะ หรือมีผู้มีอันดับช
566,เล็บมือ,คนเก็บเล็บมือ หรือเล็บใหม่ หรือได้รับของ วัตถุที่เป็นเล็บ ๆ เช่น เอือก หรือป่าน หรือค้าย หมายว่าจะได
26,ขี้,ฝันเห็นอุจจาระหรือขี้ หรือได้จับขี้ หรือตัวเองถ่ายอุจจาระ ทายว่า ผู้นั้นจะมีเคราะห์ จะมีเรื่องเสื่อม
27,ขี่,ฝันว่าได้ขี่ม้า หรือขี่วัวควาย แล้วตกลงมา ความฝันนี้บอกเหตุให้รู้ว่า ท่านจะได้รับภัยอันตรายจากศัตรู 
1,กางเขน,ฝันเห็นเครื่องหมายกางเขนศาสนาคริสต์ หรือไม้กางเขนที่ปักบนหลุมฝังศพ ทายว่า จะได้ลาภหรือได้เลื่อนตำแหน
7,เกือก (รองเท้า),ฝันเห็นเกือกหรือรองเท้า ได้สวม หรือได้รับรองเท้าของเพศตรงข้าม ทายว่า คนผู้นั้นถ้าเป็นโสดจะได้พบเนื้อ
17,"กริช, กัณหยั่น",ฝันเห็นกริช (มีดสองคม) หรือกัณหยั่น (มีดสองคมของจีนที่เขียนเป็นหน้าสิงโต) ทายว่าจะหมดเคราะห์ที่มี ป่
18,กำแพง,ฝันเห็นกำแพงยาว และกำแพงสูงใหญ่ ๆ ทายว่า การที่คิดไว้จะมีอุปสรรค และมีคนคอยขัดขวาง ถ้าฝันว่าตนเองปีน
19,เกากันต์,ฝันเห็นเกากันต์ หรือธนู หรือหน้าม้า ทายว่า จะมีลาภ หรือได้ร้บข่าวเกี่ยวกับญาติมิตรทางไกล
20,โกนุท (ดอกบัว),ฝันเห็นดอกบัวตูมหรือโกนุท ได้เก็บดอกบัวสีแดง ทายว่า จะหมดเคราะห์หมอดทุกข์ ถ้าป่วยจะหาย ถ้าปกติดีจะได
21,กล้องถ่ายรูป,ฝันเห็นกล้องถ่ายรูป หรือการถ่ายรูป ทายว่า จะต้องโยกย้ายสถานที่อยู่หรือที่ทำงาน หรืออาจมีเรื่องยุ่งยา
22,กล้วย,ฝันเห็นต้นกล้วย ทำนายว่า จะได้รับโชคลาภจากการเสี่ยงโชค
25,ขนม,ฝันเห็นขนม หรือได้กินขนมต่าง ๆ ทายว่า จะเสียของมีค่าหรือถูกขโมยทรัพย์สิน หรือมิฉะนั้นจะเจ็บไข้ได้ป่ว
167,ตกบ่อ,ฝันว่าตนเองตกลงไปในบ่อหรือในหลุมโคลนที่มีหนอนไส้เดือนอยู่ เป็นที่สกปรก ทายว่า จะได้ลาภทางการเสี่ยงเป
29,ขึ้นต้นไม้,ฝันว่าตนเองได้ขึ้นต้นไม้ มีอาการเหนื่อยหอบทุลักทุเล แต่ปีนไปอยู่บนต้นไม้ได้ ทายว่า การงานที่คิดไว้จะ
30,ตกจากที่สูง,ฝันว่าถูกลมหอบไป หรือฝันว่าตกลงมาจากที่สูง ทายว่า จะได้รับความผิดหวังหรือจะได้รับเคราะห์จากอาการเจ็บ
31,ขอทาน,ฝันเห็นขอทาน หรือให้ขวาน หรือว่าให้สิ่งของกับขอทาน ทายว่า ฝันนี้จะหมดเคราะห์หรือหมดทุกข์ ที่ป่วยจะหา
32,ขวาน,ฝันเห็นขวานหรือได้จับขวาน หรือมีใช้อาวุธต่าง ๆ ทายว่า จะมีศัตรูคิดปองร้าย แต่จะเป็นเพียงชั่วระยะหนึ่
33,ขอนไม้,ฝันเห็นขอนไม้ลอยน้ำมา ทายว่า จะมีลาภใหญ่หลวงในหน้าที่การงาน
34,ขนสัตว์,ฝันเห็นเสื้อผ้าที่ทำด้วยขนสัตว์ หรือได้สวมใส่ ทายว่า จะได้รับทุกข์หรือเคราะห์จากศัตรูที่คิดร้าย หรือ
38,ขวด,ฝันเห็นขวดแก้ววางเรียงราย หรือขวดใส่น้ำเต็ม จะได้ความสุขในชีวิต ทายว่า จะได้รับของหรือได้ทำงานอันมีเ
39,โซ่คล้า,ฝันว่าถูกใส่โซ่คล้า ทายว่า ถ้าเป็นข้าราชการทหารหรือตำรวจ จะได้รับการเลื่อนยศ ถ้าทำการค้าจะเจริญรุ่งเ
35,ขึ้นบันได,ฝันว่าเดินขึ้นบันได หรือ ไต่ขึ้นที่สูง ทายว่า การงานที่ทำกำลังไปได้ดี หรือได้เลื่อนประจำ ทำให้การทำง
36,แขนขา,ฝันเห็นแขนขาของคนที่ขาดอยู่กลางถนน หรือแขนขาของตนเองที่แยกออกจากตนเอง ทายว่า จะได้รับความสุข โรคภัยท
40,เขียนหนังสือ,ฝันว่าเขียนหนังสือด้วยมือซ้าย ไม่ถนัด ทายว่าจะมีคดี ต้องหาผู้คอยปกป้อง ถ้าเป็นทนายความ ทายว่าจะแพ้คด
41,เข็มเย็บผ้า,ฝันว่าได้จับเข็มเย็บผ้า หรือ ได้เห็นเข็ม ทายว่า หญิงที่มีสามีจะตั้งครรภ์ แต่ถ้าเป็นหญิงโสดและชายโสด 
184,ตัดหัว,ฝันเห็นคนถูกตัดหัว หรือตนเองถูกตัดศีรษะทายว่า จะได้เลื่อนตำแหน่งหน้าที่การงาน หรือมีอำนาจเพิ่มขึ้น
523,ลูกแมงป่อง,ฝันถึงลูกแมงป่อง (แมลงกิ้งก่า) ทำนายว่าจะเกิดความทุกข์ร้อน หรือเศร้าโศกเศร้าใจได้ง่าย หรือความเจ็บระ
45,คลอดบุตร,ฝันเห็นหญิงมีครรภ์ หรือคลอดบุตรหรือฝันว่าตัวท่านเองคลอดบุตร ความฝันนี้จะบอกเหตุให้รู้ว่า งานที่ท่านค
47,โคลน,ฝันว่าได้ลุยโคลน หรือ เหยียบย่ำโคลนติดเท้าขึ้นมา ความฝันนี้จะบอกเหตุให้รู้ว่า จะเกิดทุกข์เพราะโรคภัย
48,ควันไฟ,ฝันเห็นควันไฟสีขาวลอยพุ่งขึ้นไปสู่ท้องฟ้า หรือควันจากไฟเป็นสีดำครึ้ม แต่ไม่มีแสงไฟ ทายว่าจะต้องได้รั
49,คลอง,ฝันเห็นคูน้ำหรือลำคลอง หรือเดินทางด้วยเรือไปทางลำน้ำลำคลอง น้ำใสไหลเซาะแสงงาม ทายว่าจะได้รับความสุข 
50,เครื่องบิน,ฝันเห็นเครื่องบินบนท้องฟ้า ทายว่าจะได้รับข่าวดีจากญาติพี่น้องที่อยู่ห่างไกล หรือได้รับข่าวดีจากหน้าท
51,เครื่องแต่งตัว,ฝันเห็นเครื่องแต่งตัว เสื้อผ้าอาภรณ์ หรือเครื่องประดับต่าง ๆ หรือฝันว่า ได้แต่งเสื้อผ้าอาภรณ์ใหม่ ถ้
52,เครื่องดนตรี,ฝันเห็นเครื่องดนตรี เช่น ปี่ หรือ ไวโอลิน แต่มิได้เอาขึ้นมาเป่า หรือสี ทายว่า จะได้รับชื่อเสียงและคว
53,คราด,"ฝันเห็นคราด, จอบ, เสียม เครื่องมือทำสวนครัว หรือฝันว่าได้จับต้อง จะได้รับผลสำเร็จจากหน้าที่การงาน หร"
44,ค้างคาว,ฝันเห็นค้างคาวบิน หรือเกาะอยู่บนกิ่งต้นไม้ หรือในบริเวณบ้าน ทายว่า จะได้รับความสุข ถ้าป่วยเจ็บจะหาย 
46,แคร่หาม,ฝันเห็นคนแห่แคร่หามศพไปฌาปนกิจ หรือตนเองได้เข้าไปแห่แคร่ในงานศพ ทายว่า จะได้รับเคราะห์หนักถึงเสียข้า
188,ตาข่าย,ฝันว่าได้จับตาข่าย หรือเอาตาข่ายไปจับกุ้งจับปลา หรือจับสัตว์ได้ ทายว่า จะได้ลาภจากการค้าหรือการเสี่ย
600,หนู,ฝันว่าหนูเข้ามาจับอยู่ในเรือน หรือได้จับหนู ทายว่า จะได้งดจากการเสี่ยง หรือจากคลอ ฝันว่า หนูสีขาว จะ
57,เครื่องครัว,ฝันเห็นครัว หรือเครื่องครัว เช่น เตาไฟ หรือภาชนะหุงต้ม ทายว่า จะได้โยกย้ายหรือเปลี่ยนที่อยู่ใหม่ดีกว
58,ค้อน,ฝันเห็นค้อนตอกตะปู หรือมีผู้นำเอาค้อนมายื่น ทายว่า จะมีศัตรูคิดร้าย หรือทำให้ต้องเสียทรัพย์สิน จึงร่
59,คางคก,ฝันเห็นคางคก ทายว่าจะมีเรื่องทะเลาะวิวาทหมางเมินกับคนในครอบครัว หรือในที่ทำงาน ถึงเลือดตกยางออก หรือ
60,โคมตะเกียง,ฝันเห็นคนถือโคมตะเกียงเดินผ่านหน้า หรือฝันว่าได้ถือโคมตะเกียง มีคนนำหน้าพาเราเดินไป ทายว่าได้รับข่าว
56,เครือญาติ,ฝันเห็นเครือญาติ หรือพี่น้องที่จากกันไปไกล ฝันนี้จะบอกเหตุทั้งทางดีและทางร้ายที่เกี่ยวกับเครือญาติ ห
61,คุกตะราง,ฝันว่าได้เข้าไปในคุกตะรางเองหรือฝันว่าตัวเองถูกพาตัวเข้าไปในห้องขัง ทายว่า จะพ้นเคราะห์ หรือมีโชคลาภ
62,ครกสาก,ฝันเห็นครกสากในครัว หรือครกสากตำข้าวในลานบ้าน ทายว่า จะได้รับทั้งข่าวดีและข่าวร้ายจากญาติมิตร
63,คานพาด,ฝันว่า คานเป็นผู้หญิงจะหมายถึงฐานะของเราทายว่า จะได้รับเลื่อนตำแหน่งหน้าที่ในการงาน เป็นฝันดีมีลาภหร
64,มาตกรรม,ฝันเห็นการฆาตกรรม หรือเห็นคนวิวาททำร้ายกันถึงตาย หรือตนเองถูกฆ่าแต่กลับฟื้นขึ้นมาได้ ทายว่าจะพ้นเครา
66,ฆ้อง,ฝันเห็นฆ้อง หรือได้ตีฆ้อง ตีระฆัง ทายว่าจะได้รับชื่อเสียงในหน้าที่การงาน หรือได้เลื่อนตำแหน่งหน้าที่
116,ช้อนชาม,ฝันเห็นช้อนหรือชามจาน ถ้าเป็นคนมีครอบครัวแล้ว ทายว่า จะได้บุตรหรือสัตว์เลี้ยง หรือมีมรดกได้งานเป็นหล
148,ดิน,ฝันว่าได้กินก้อนดิน หรือจับก้อนดิน ทายว่าจะได้ลาภทางการเงินจากมิตรสนิทหรือคนใกล้ชิด
582,สำลี,ฝันเห็นสำลีหรือปุยนุ่น หรือได้รับข้าวของดีมาก ใส่หรือทับมาได้สำลี ทายว่า จะได้รับความจากญาติดีพวกญี่
198,ตู้เซฟ,ฝันเห็นตู้เซฟหรือดูตู้เหล็กใส่เอกสาร ในฝันนั้น ได้เปิดตู้ทำนายว่าจะได้รับข่าวดีจากทางไกลหรือจะได้เลื
68,ฆ่าตัวเอง,ฝันว่าฆ่าตัวเอง แต่มีผูมาช่วยเหลือ ทายว่าจะได้รับทุกข์ เพราะตนเอง หรือได้รับความเดือดเนื้อร้อนใจเกี่
69,โฆษณา,ฝันว่าตนทำหน้าที่โฆษก หรือป่าวร้องโฆษณาทายว่า งานที่ทำดำรงทำอยู่อาจล้มเหลว
73,งาช้าง,ฝันเห็นงาช้างคู่ หรือได้จับต้องงาช้าง ทายว่าจะได้โชคลาภอย่างใหญ่หลวง ถ้าค้าขายจะประสบความร่ำรวยเห็นผ
74,งานศพ,ฝันว่าได้ไปร่วมพิธีในงานศพ หรือเห็นผู้คนพลุกพล่านในงานศพทายว่าจะได้รับข่าวดีเกี่ยวกับหน้าที่การงานหร
75,งานพิธีต่างๆ,ฝันว่าได้ไปร่วมในงานพิธีต่างๆ เช่น งานบวชนาค หรืองานโกนจุก งานบีธีเพิ่มเติมของเพื่อนฝูง ทายว่าจะได้ร
76,เฆี่ยง,ฝันว่าถูกเฆี่ยงเบ็ดเกี่ยวเนื้อ หรือถูกเฆี่ยงปลาทายว่า จะได้รับเคราะห์จากหน้าที่การงานหรือเพื่อนฝูง ถ
77,เงา,ฝันเห็นเงาตนเองในน้ำ หรือในกระจกส่องหน้า หรือสามวันดีสี่วันไข้ อดแอดอยู่ระยะหนึ่ง เมื่อพ้นเคราะห์แล้
104,เจ็บป่วย,ฝันว่าป่วยเจ็บ หรือรับความเจ็บป่วยมาจากผู้อื่น ทายว่า จะได้รับความยินยอมทางใจ หรือจะได้รับความเดือดร
117,ชกต่อย,ฝันเห็นการชกต่อย หรือการทะเลาะวิวาท หรือตนเองวิวาทกับผู้อื่นในฝัน ทำนายว่า จะได้รับเคราะห์จากการเจ็บ
215,ถุงเท้า,ฝันเห็นถุงเท้าใหม่หรือเครื่องนุ่งห่มใหม่ หรือได้สวมถุงเท้าใหม่ ทายว่า ถ้าชายที่มีครอบครัวแล้วก็จะได้
78,งมของ,ฝันว่าได้ลงไปงมของในน้ำ หรือเอามืองมของในท้องร่อง ท่อ คูคลอง ทายว่า จะได้รับเคราะห์หากนายหน้า หรือนา
79,จานชาม,ฝันเห็นจานชามหรือถ้วยจาน หรือได้จับต้อง ทายว่า ถ้าเป็นคนมีครอบครัวแล้ว อาจจะมีลูก ถ้าเป็นคนโสดหรือคน
81,จอมปลวก,ฝันเห็นจอมปลวกขึ้นภายในบ้าน ทายว่า จะมีโชคลาภใหญ่หลวง ถ้าเป็นข้าราชการหรือคนทำงานจะได้เลื่อนตำแหน่งห
82,จดหมาย,ฝันว่าได้รับจดหมาย ทายว่า จะได้รับทั้งข่าวดีและลาภยศในระยะเร็ววัน ถ้าเป็นซองจดหมายสีขาว จะได้
83,จอมเสียม,ฝันเห็นจอบหรือเสียม หรือเครื่องมือทางเกษตร ถ้าได้จับต้องจะได้รับผลสำเร็จทั้งในหน้าที่การงานหรือการค้
84,จลาจล,ฝันเห็นการจลาจลภายในบ้านเมือง มีการใช้อาวุธโรมรันกัน ทายว่าจะได้รับทั้งโชคและเคราะห์ในเวลาไล่เลี่ยกั
85,จมน้ำ,ฝันเห็นคนตกน้ำทำท่ากำลังจะจมมิมิแหล้ หรือฝันว่าตนเองตกน้ำหรือจมน้ำ ทายว่า จะได้รับเคราะห์หนัก ถ้าเป็
86,จังหวะ,ฝันเห็นจังหวะหรือได้ยินเสียงจังหวะทักในฝัน ทายว่า จะได้รับข่าวดีจากการงาน หรือลาภทางการเสี่ยงโชคเล็ก
87,จรวด,ฝันเห็นจรวดยาน หรือจรวดดอกไม้ไฟพุ่งขึ้นไปสู่ท้องฟ้า ทายว่า จะได้รับข่าวร้ายของญาติพี่น้องที่อยู่ต่าง
88,จักรยาน,ฝันเห็นจักรยานหรือได้ขี่จักรยาน ทายว่า จะต้องเดินทางไกล หรือมีการโยกย้ายที่อยู่ หรือหน้าที่การงาน
89,จันทร์จรดฟ้า,(ดู ครราส' อักษร จ.)
90,จิ้งหรีด,ฝันเห็นจิ้งหรีดกัดกัน หรือได้จับจิ้งหรีด ทายว่า จะได้รับเคราะห์จากผู้มีอำนาจน้อยกว่า หรืออุบัติเหตุภ
645,กษัตริย์,ฝันเห็น องค์เจ้าแผ่นดินหรือพระราชินี ท่านจะได้เลื่อนตำปแหน่งยศทางการ หรือในตำแหน่งหน้าที่การงานทั่วไ
614,หน้าต่าง,ฝันเห็นหน้าต่างเปิด มีแสงสว่างของดวงอาทิตย์หรือดวงจันทร์ส่องเข้ามา หมายว่า การที่คิดไว้ จะผลสำเร็จ ห
594,หมา,หญิงชายได้ฝันว่าถูกลิงหรือหมากัด ทายว่า จะเคราะห์ร้าย หรือได้รับเคราะห์ร้ายกดคู่รู้หรือจากคนใกล้ชิด 
96,จันทน์,ฝันเห็นหรือได้รับลูกจันทน์ผลไม้มีกลิ่นหอม หรือ ลูกอินทผลัม ผลสุขกลิ่น ทายว่า ถ้าเป็นคนมีครอบครัวแล้ว
97,จักจั่น,ฝันถึงจักจั่นหรือแมลง หรือฝันว่าได้ยินเสียงจักจั่นร้องในพงหญ้า ทายว่า กิจการที่กำลังทำอยู่นั้นจะมีอุ
98,จุดไฟ,ฝันว่าจุดไฟติดง่ายและลุกโพลงดี ทายว่า คนที่แต่งงานแล้ว จะได้บุตรแข็งแรงและสมบูรณ์ และถ้าฝันว่าจุดไฟแ
100,จับเจ่า,ฝันว่าตนเองนั่งจับเสียงคนเดียวในที่เสี่ยงภัย หรือนั่งอยู่แต่ลำพังคนเดียว ทายว่า จะต้องมีการโยกย้ายที
103,จุฬามณี,ฝันเห็นพระจุฬามณี หรือพระธาตุเจดีย์บรรจุพระเกศาธาตุพระพุทธเจ้า (ตามความรู้สึกในฝันว่าเป็นพระจุฬามณี 
92,จักรพรรดิ,ฝันเห็นจักรพรรดิ หรือพระเจ้าแผ่นดินต่างประเทศ ทายว่าจะได้เดินทางไกลหรือผู้ใหญ่ต่างชาติจะช่วยเหลือ หร
93,เจดีย์,ฝันเห็นองค์พระเจดีย์ หรือพระปรางค์ หรือสถูปยอดสูง ๆ ทายว่า จะเป็นมงคลแก่ตัวเอง ถ้าเป็นข้าราชการหรือค
95,จักรเย็บผ้า,ฝันเห็นจักรเย็บผ้า หรือได้จับจักร หรือมีคนนำเอาจักรเข้ามาในบ้าน จะต้องโยกย้ายหน้าที่การงานหรือเคหสถา
99,จับ,ฝันว่าถูกจับ หรือถูกจองจำ ทายว่า จะพ้นเคราะห์หรือจะมีโชคลาภจากการเสี่ยง (ในตำราก็ให้อธิษฐานต่างๆ ถ้า
102,จำปา-จำปี,ฝันว่าได้ดอกจำปี หรือดอกจำปา ทายว่าเป็นความฝันดี ผู้ฝันจะได้รับความสุขกายสบายใจในครอบครัว หรือได้รับ
217,ถูกล็อตเตอรี่,ฝันว่าตนเองมีโชคถูกล็อตเตอรี่ ทายว่า จะต้องมีการเสียเงินเสียทอง และมีเรื่องเดือดร้อนเกี่ยวกับการขึ้น
632,อุบัติเหตุ,ฝันว่าเกิดอุบัติเหตุขึ้น หมายความว่าเป็นลางดี จะมีความสุขสบายแล้วหรือจะให้ญาติดีที่ต้องมาช่วยเหลือ เ
536,วัวควาย,ฝันว่าทะเลาะวิวาท กับคนแปลกหน้า ทำนายว่า จะได้รับข่าวทางไกลจากญาติมิตร ถ้าเห็นคนวิวาทที่ชั่วร้าย กัน
112,ฉางข้าว,ฝันเห็นฉางข้าวบรรจุข้าวเต็มลิง หรือเต็มยุ้ง ทายว่า จะได้รับความสุขสมบูรณ์ทางร่างกายและจิตใจ ที่ป่วยไ
108,ฉัตรเงิน,ฝันเห็นฉัตรเงิน หรือพระที่นั่งภายใต้ฉัตรทอง หรือสัตว์ที่นั่งอยู่ใต้ฉัตรเงินฉัตรทอง ทายว่า อนาคตในระย
109,ฉมวก,ฝันเห็นฉมวกหรือสามงามแทงปลา หรือได้ถือ จะได้รับโชคทางการเงินที่มั่นคง ถ้าเป็นการค้า จะได้รับผลกำไรเป
114,ฉ้อโกง,ฝันว่าถูกฉ้อโกง หรือถูกคนต้มตุ๋น ฉ้อฉลสิ่งของมีค่า ทายว่า จะมีเคราะห์ หรือมีคนคิดปองร้าย ให้ระวังตัว
107,ฉิ่งฉาบ,ฝันเห็นฉิ่งฉาบ หรือได้ตีฉิ่งมีการงานเสียงเพราะในฝัน ทายว่ากำลังจะได้รับโชคดี ถ้าเป็นคนมีครอบครัวแล้ว
110,ฉลองพระบาท,ฝันเห็นฉลองพระบาท หรือรองเท้าของพระเจ้าแผ่นดิน หรือเป็นสัญลักษณ์ของรูปรองเท้าตรัสว่าผู้ฝันจะได้รับโช
111,ฉลอง,ฝันเห็นงานฉลอง หรือวงงานมงคลที่มีผู้คนไปร่วมอยู่ในงานมากๆ ทายว่า ถ้าผู้ฝันเป็นคนฐานะยากจนจะยิ่งยากจน
113,ฉาก,ฝันเห็นฉากกั้น หรือมีม่านกั้นบังสิ่งใดสิ่งหนึ่ง ทายว่า จะมีคนที่หวังแกล้งและหาโอกาสโกงทรัพย์สินจากคน
119,ซ่า,ฝันเห็นคนซ่า หรือคนซ่าส่าย ทายว่า การงานที่กำลังเริ่มจะทำนั้น จะมีอุปสรรคขัดขวาง แต่จะได้รับผลสำเร็จ
123,ซ้อมผม,ฝันเห็นซ้อมผมหรือวิกผม หรือได้ใส่วิก หรือซื้อบนหนัสรอย จะได้รับเคราะห์หรือเครื่องการ หรือมีเรื่องพัน
124,เชิงตะกอน,ฝันเห็นเชิงตะกอนเผาศพ แต่ไม่มีศพ ทายว่า จะได้รับเคราะห์ทางการเจ็บป่วยหรืออุบัติเหตุในการเดินทาง ถ้าใ
125,ชักลาก,ฝันว่าได้ฉุดชักลากรถรบรรทุกของหนัก หรือฉุดลากสัตว์ ทายว่า การงานที่ทำอยู่จะต้องเปลี่ยนแปลงหรือโยกย้า
126,ชี,ฝันถึงผู้ทรงศีลบริสุทธิ์ จะเป็นชีไทยหรือจีนในศาสนาคริสต์ก็ตาม ทายว่า จะได้รับความสุข หรือของที่สูญหา
121,ชนไก่,ฝันเห็นไก่ชน หรือการชนไก่กลางลานบ้านหรือภายในบ้าน ทายว่า จะได้รับการเสียหายจากทรัพย์สินภายในบ้าน หรื
122,ชลธาร,ฝันเห็นทะเลสาบ ร่องน้ำ หรือลำคลอง หรือน้ำตก ทายว่า จะได้ความสุข หรือมีการเดินทางไกลไปในทางดี ถ้าเจ็บ
127,เชิงเทียน,ฝันเห็นเชิงเทียน หรือฝันว่าได้จับเชิงเทียนถ้ามีเทียนจุดอยู่ด้วย ทายว่า จะได้รับความสำเร็จในกิจการต่า
128,เชือก,ฝันว่าได้จับเชือก หรือถือเชือกฉุดลากสิ่งใดสิ่งหนึ่งหรือพันธนาการตัวเองอยู่ ทายว่า จะถูกเนรเทศให้ไปอย
129,โซ่ตรวน,ฝันเห็นโซ่ตรวนหรือถูกโซ่ตรวนผูกมัด ทายว่า จะได้รับเคราะห์ร้ายจากญาติมิตรหรือสหาย หรือเคราะห์ที่เกิดจ
130,แซ่ (แส้),ฝันว่าถูกตีด้วยแซ่ เจ็บปวดและมีโลหิตไหลออกจากกายเรา ทายว่า จะได้รับทุกขลาภ ที่ป่วยเจ็บจะหาย แต่ต้องเ
131,ซุง,ฝันเห็นท่อนซุง หรือท่อนไม้ขนาดใหญ่ลอยน้ำ ทายว่า จะต้องเดินทางไกลหรือโยกย้ายหน้าที่ แต่จะมีลาภทางไกล
227,ทหาร,ฝันเห็นเครื่องแบบทหาร หรือเห็นแถวทหาร ทายว่า จะได้เลื่อนตำแหน่งหน้าที่การงานหรือมีอำนาจวาสนาขึ้น
228,ทะเล,ฝันลงเล่นน้ำในทะเล ทายว่า จะอยู่เย็นเป็นสุขและมีโชคลาภในการเสี่ยง
80,จระเข้,ฝันเห็นจระเข้ หรือถูกจระเข้ทำร้าย ทายว่า จะได้รับเคราะห์จากศัตรู หรือมีผู้คิดร้าย คอยทำร้ายหรือถึงกา
140,หญิง,ฝันเห็นหญิงแปลกหน้า ไม่เคยรู้จักมาก่อน ทายว่า การงานการเงินของท่านจะมีผู้หญิงเข้ามาเกี่ยวข้อง และเป็
143,หญิงชรา,หญิงชายใดก็ตาม ถ้าฝันเห็นหญิงชราแก่สูงอายุ ทายว่าจะมีเคราะห์ร้ายเกิดความวุ่นวาย ในเรื่องการบ้านการงา
133,ซื้อขาย,ฝันเห็นคนมุงซื้อขาย หรือตนเองได้จับจ่ายซื้อของใช้ต่าง ๆ ทายว่า จะได้รับข่าวจากญาติมิตรที่อยู่ห่างไกล
135,เซิ้ง,ฝันเห็นการเต้นรำทำเพลงอย่างสนุกสนาน ถ้าเป็นหญิง ทายว่า จะได้ลาภเล็ก ๆ น้อย ๆ จากการวิ่งเต้น ถ้าเป็นช
137,ข้าว,ฝันเห็นข้าวแช่อยู่ในน้ำในภาชนะหุงต้ม ถ้าเป็นผู้หญิง ทำนายว่าจะได้รับข่าวดี หรือมีโชคลาภทางหน้าที่การ
139,ซ่อนหา,ฝันว่าเล่นซ่อนหา หรือการเล่นหลบซ่อนกับเพื่อนฝูง ทำนายว่า จะเกิดการแตกร้าวสามัคคี หรือมีเรื่องบาดหมาง
141,หญิงเปลือย,ฝันเห็นหญิงเปลือยกาย ถ้าผู้นั้นเป็นชาย ได้จับต้องลูบคลำในฝัน ทายว่าจะได้รับความเดือดร้อนในการเงินหรื
142,หญิงแต่งชุดสีต่าง ๆ,ฝันเห็นหญิงแต่งชุดดำ ทายว่าจะมีศัตรูคิดปองร้าย ฝันเห็นหญิงแต่งชุดขาว ทายว่าจะได้ประสบความร่มเย็น ฝัน
144,เด็ก,ฝันเห็นเด็กทารก ขาวอวบสมบูรณ์ ฝันนี้จะบอกเหตุให้รู้ว่า จะได้ลาภในการเงินหรือได้บุตรในเร็ววัน
145,ดอกไม้,ฝันเห็นดอกไม้จำพวกกุหลาบ เบญจมาศ ซบาหรือดอกบัว (ยกเว้นเฉพาะดอกช่อดอกลิ้นฟ้า) ทำนายว่า จะได้รับข่าวมง
146,ดาว,ฝันเห็นดาวสว่างลุกใส หรือตกลงมาจากท้องฟ้า ทายว่า หญิงชายที่เป็นโสดจะได้พบเนื้อคู่อันพึงพอใจ ถ้าเป็นค
147,เดือน,ฝันเห็นเดือนหรือพระจันทร์สุกปลั่งเป็นวงกลม ทายว่า จะได้รับข่าวดีเป็นมงคล หรือจะได้บุตรน่ารัก ถ้าเป็น
647,ไก่,ฝันเห็นไก่ ได้กินไก่ จับไก่ หรือเป็ดไก่บินเข้ามาหา ทำนายว่า ท่านจะประสบโชคลาภทางการเงินหรือวัตถุสิ่ง
150,ดำน้ำ,ฝันว่าไปเล่นน้ำ และดำน้ำลึก หรือผุดโผล่ในน้ำ ทายว่า จะได้รับทุกข์เสียก่อนจึงจะมีลาภ หรือได้ทุกข์ลาभใ
151,ดาบ,ฝันเห็นดาบหรือมีด หรือได้จับดาบ ทายว่า จะได้บุตรชาย หรือจะได้เลื่อนตำแหน่งหน้าที่ในการงาน ถ้าเป็นควา
155,โดด,ฝันว่ากระโดดจากที่สูงลงมาที่ต่ำ หรือกระโดดข้ามฝั่งแม่น้ำ ทายว่าจะได้รับเคราะห์ หรือเกิดการแตกแยกในหม
158,ดัดผม,ฝันว่าได้ดัดผมหรือตัดผมตัวเองแปลงโฉมใหม่ ทายว่าจะได้รับข่าวร้ายจากญาติมิตรที่อยู่ไกล
160,โดม,ฝันเห็นยอดตึกสูงเป็นรูปหลังคากลม หรือยอดสูงเป็นรูปโดม ทายว่า จะได้รับข่าวดี หรือโชคลาภในทางการงานและ
152,ไฟไหม้,ฝันว่าเดินไปถึงที่เกิดไฟไหม้ หรือฝันเห็นบ้านไฟไหม้ ทายว่า จะมีเคราะห์เล็กๆ น้อยๆ แต่จะผ่านพ้นไปโดยไม
156,ดนตรี,ฝันว่าได้ยินเสียงดนตรีครึกครื้นอยู่ หรือคนบรรเลงดนตรีอยู่แต่ไกล หรือฝันว่าได้เห็นเครื่องดนตรีตั้งเป็
157,ดื่มน้ำ,ฝันว่าดื่มน้ำหรือดื่มเหล้า เป็นการดับกระหายทายว่า จะพ้นจากโรคภัยไข้เจ็บ หรือหนี้สินต่าง ๆ จะเบาบางลง
159,ดู,ฝันว่าได้ดูหนังละคร หรือดูการละเล่นต่างๆ ทายว่า จะได้รับข่าวร้ายจากญาติมิตรที่อยู่ไกล
161,ดึก,ฝันว่าเวลาล่วงเที่ยงคืน หรือยามตีสี่ตีห้า ทายว่า ของที่หายไปจะได้กลับคืน หรือคนรักที่จากไปจะกลับมาคื
162,แดง,ฝันเห็นผ้าห่มแดง ซองจดหมายสีแดง หรือแผ่นกระดาษสีแดง ถ้าได้จับต้อง ทายว่า จะได้รับเคราะห์ มีศัตรูคิดป
163,ดีใจ,ฝันที่ทำให้ดีใจ หรือหัวเราะสนุกสนานครื้นเครงดีใจ ในการได้รับของ ทำนายว่า มักจะเป็นเรื่องร้าย ตรงข้าม
164,เต่า,หญิงชายใดฝันเห็นเต่า หรือได้จับตัวเต่าหรือตะพาบน้ำ ทายว่า จะได้ลาภสัตว์ 4 เท้า 2 เท้าในระยะอันใกล้นี
233,ทอดแห,ฝันว่าทอดแหได้ปลาเล็กปลาน้อย หรือได้แต่ปลาตัวเล็กมาก ทายว่า ดวงไม่ดี อย่าเจรจาลงทุนขยายธุรกิจในช่วงน
23,เกี่ยวข้าว,ฝันว่าได้ไปเกี่ยวหรือเก็บข้าวในนา หรือฝันเห็นชาวนา กำลังเกี่ยวข้าวอยู่ในนา ในทุ่งนา ทำนายว่า การที่ค
166,ตกปลา,ฝันว่าได้ตกปลาและปลาติดเบ็ดขึ้นมา ทายว่า จะได้ลาภจากการเสี่ยงโชคเล็ก ๆ น้อย ๆ
168,เห็นตัวเราฝันตาย,ทายว่า จะได้รับการมัวหมองจากหน้าที่การงาน หรือได้รับการนินทาไปในทางเสื่อมเสีย
169,ตาย,ฝันเห็นคนตาย ทายว่า จะได้ลาภหรือหมดเคราะห์ ถ้าฝันว่าตนเองตาย จะหมดเคราะห์ และจะได้ลาภติดตามมา
171,ตำรวจ,ฝันเห็นคนแต่งเครื่องแบบตำรวจหรือเห็นตำรวจตั้งป้อมจับคนร้ายในฝัน ทายว่าจะหมดเคราะห์หรือมีการย้ายถิ่นฐ
173,ตะราง,ฝันเห็นตะรางที่คุมขัง หรือฝันเห็นเหล็กลูกกรงทำเป็นตะรางหน้าบ้าน ทายว่า จะได้รับเคราะห์ทางเจ็บไข้ได้ป
176,ตะเพียน,ฝันว่า ได้จับปลาตะเพียน จะได้ตำแหน่งหน้าที่การงานดีขึ้น มีคนนิยมชมชื่น ถ้าทำมาค้าขายจะเจริญรุ่งเรือง
170,ต้นไม้,ฝันเห็นต้นไม้เขียวชอุ่ม หรือฝันว่าได้ปีนป่ายขึ้นไปบนต้นไม้อย่างปลอดภัย ทายว่า จะได้เลื่อนตำแหน่งหน้า
172,ตาชั่ง,ฝันเห็นตาชั่งน้ำหนัก หรือเครื่องชั่งน้ำหนัก ทายว่า จะเดือดเนื้อร้อนใจในทางถ้อยคดี หรือทะเลาะวิวาทแต่
174,ศพ,ฝันเห็นศพที่มีน้ำเหลืองท่วมผ้าขาวหรือมีกลิ่นเหม็นอืดอาด ทายว่า จะได้ลาภจากคนตาย หรือได้รับมรดก
175,ต่อสู้,ฝันว่ากำลังต่อสู้กับคนร้ายหรือคู่วิวาทหรือสัตว์ร้ายยังไม่รู้แพ้รู้ชนะ ทายว่า จะมีศัตรูคิดปองร้าย แต่
179,เตาไฟ,ฝันเห็นเตาไฟมีถ่านไฟแดง ทายว่า จะมีเคราะห์มีเหตุเกิดขึ้นภายในบ้าน หรือภายในครอบครัว ถ้าฝันเห็นเตาไฟด
180,เตาไฟดับ,ทายว่า จะได้สัตว์เลี้ยงมีคนเข้ามาอยู่ในบ้าน
181,ตะโพน,ผมเห็นตะโพน หรือกลองสองหน้า หรือฝันว่าได้ตะโพนทายว่า จะได้รับยศและชื่อเสียงในหน้าที่การงานและการเงิน
182,ตะปู,ฝันว่าถูกตะปู หรือของมีคมตำเท้าจึงเลือดออก ทายว่า จะหมดเคราะห์หายทุกข์จะมีผู้ช่วยเหลือ
43,คนตาย,ฝันเห็นคนตายหรือศพ ส่งกลิ่นเหม็น ทายว่า จะได้ลาภจากเสี่ยงโชคหรือโชคลาภทางค้าขายและหน้าที่การงาน ถ้าฝ
115,ช้าง,ฝันเห็นช้างเหยาะย่าง ทำนายว่าจะได้รับโชคลาภจากผู้ใหญ่ภายในไม่กี่วัน ถ้าฝันว่าขี่ช้างหรือได้ลูบคลำตัว
185,ตกน้ำ,ฝันว่าน้ำไหลจากภูเขามาในบ้าน หรือฝันว่าได้อาบน้ำในบ่อน้ำ มีผู้คนมากมายเล่นน้ำสนุกสนาน ทายว่าจะได้รับ
186,ตลาด,ฝันว่าไปในตลาดที่มีผู้คนขวักไขว่ หรือฝันว่าตนได้ค้าขายในตลาดสด ทายว่า จะได้รับโชคลาภจากการค้าขาย หรื
193,แตระ,ฝันเห็นแตระ หรือได้เป่าแตระ ทายว่าจะได้รับเคราะห์เพราะปากของตนเอง หรือได้รับการเจ็บป่วย
194,ไต่เขา,ฝันว่าตนเองไต่เขาหรือปีนขึ้นไปบนเขา ทำนายว่า จะหมดทุกข์หรือหมดเคราะห์ ถ้าฝันนี้ล้มจะผ่อนคลายเบาบางลง
195,แตกร้าว,ฝันว่ากระจกส่องหน้าแตกร้าว หรือเครื่องแก้วแตก ทายว่า ชีวิตในครอบครัวจะระทดระทวยและแตกแยกกัน หรือกิจก
187,ต้นไทร,ฝันเห็นต้นไทรใหญ่แผ่ใบพฤกษ์ หรือได้ย้ายต้นไทรใหญ่ปลูกหน้าบ้าน ทายว่าจะได้ลาภอันพึงพอใจ
189,ตาลปัตร,ฝันเห็นตาลปัตรที่พระถือ หรือได้เอาตาลปัตรกางกั้นตน ทายว่า จะได้รับชื่อเสียงในทางดีงาม หรือได้เลื่อนต
190,โต๊ะ,ฝันเห็นโต๊ะ หรือเตียง หรือเก้าอี้นั่ง ทายว่าจะได้รับการโยกย้ายหรือเปลี่ยนแปลงหน้าที่การทำงานหรือทางค
191,แต่งงาน,ฝันเห็นการแต่งงาน หรือได้เข้าสู่พิธีแต่งงาน ทายว่าจะได้รับเคราะห์หนัก หรือเจ็บไข้ได้ป่วยถึงล้มหมอนนอ
192,แต่งตัว,ฝันว่าได้แต่งตัว หรือแต่งเสื้อผ้าอาภรณ์ใหม่ ทายว่า ถ้าเป็นหญิงแต่งงานแล้วจะได้บุตรน่ารัก ถ้าเป็นชายโ
196,ต่างหู,ฝันเห็นต่างหู หรือซื้อต่างหู เป็นคนมีวาสนา เสียสละมาก ถ้าฝันว่าได้สวมสร้อยหรือได้รับเครื่องประดับ ทา
197,เต้นรำ,ฝันว่าได้เต้นรำด้วยตนเองกับเพศตรงข้าม ถ้าเป็นหญิงจะได้ลาภทางการเป็นนายหน้า ถ้าเป็นชายหรือนายจ้างจะได
631,อาวุธ (ดูคำว่า 'ศัสตราวุธ' อีกหน้า 8),""
2,กางเขน (นก),ฝันเห็นนกกางเขน นกพิราบ หรือนกต่าง ๆ ทายว่า จะต้องพพลัดพรากจากที่อยู่อาศัย หรือมีอันให้เดินทางไกล หร
9,กาสาวพัสตร์ (ผ้าเหลือง),ฝันเห็นผ้าไตรจีวร แต่ไม่เห็นองค์พระ ทายว่า ถ้ามีครอบครัวแล้วจะได้บุตรชาย หรือได้ลาภเป็นของมีค่า เป็น
199,ตุ๊กตา,ฝันเห็นตุ๊กตา หรือได้อุ้มตุ๊กตาน่ารัก ถ้าเป็นหญิงทายว่าจะได้ลาภเป็นข้าวของหรือสัตว์เลี้ยง ถ้าเป็นชาย
205,ถุงเงิน,ฝันเห็นถุงเงิน หรือได้จับถุงเงิน เป็นนิมิตบอกเหตุตรงข้าม ถ้าเป็นหญิงมีครรภ์จะได้บุตรชายมีวาสนาดี ถ้า
211,ถล่ม,ฝันเห็นภูเขา หรือตึกถล่มบ้านช่องถล่มลง ทายว่างานที่เริ่มริเริ่มนั้นจะล้มเหลว หรือมีการโยกย้ายหน้าที่
202,ตบมือ,ฝันว่าตนเองตบมือ ในทำนองชอบอกชอบใจ ทายว่า จะมีเคราะห์ร้ายหรือเกิดทะเลาะวิวาทกับคนในบ้าน ถ้าฝันว่า เอ
203,ใต้ถุน,ฝันเห็นว่าตนเองมุดหรือคลานเข้าไปในใต้ถุนบ้านหรือเรือนแห่งหนึ่งในความมืด แล้วคลานออกพบกับแสงสว่าง ทาย
206,ถาด,ฝันเห็นถาดลอยน้ำหรือตนได้เอาถาดเงินไปบริจาคถวายหล่อพระพุทธรูป ทายว่าท่านจะได้รับความสุขและมีฐานะทางก
207,ถ้ำ,ฝันได้เข้าไปในถ้ำมืด พบทางตันหรือหาทางออกไม่ได้ ทายว่าจะประสบเคราะห์ หรือมีอิ้นให้ทะเลาะกับญาติมิตรห
208,ถนนหนทาง,ฝันเห็นถนนหนทางที่ไม่เคยได้พบเห็นมาก่อนเลยในชีวิต ทายว่าจะได้เดินทางไกล หรือได้ท่องเที่ยวต่างประเทศ
209,ถลกหนัง,ฝันเห็นคนฆ่าสัตว์ และทำการถลกหนังสัตว์ที่ตายแล้วออกมาเป็นหนัง ทายว่าจะได้รับข่าวร้ายจากญาติมิตรที่อย
210,ถ่อเรือ,"ฝันเห็นคนถ่อเรือ, พายเรือ หรือแจวเรือ หรือ ตนเองได้ถ่อไปกับเรือด้วย ทายว่าจะหมดเคราะห์ และจะได้รับกา"
54,คราส,ฝันเห็นสุริยคราส อากาศมืดครึ้ม แต่ไม่มีฝน ทายว่า เจ้าของฝันจะได้รับความสุข ที่เจ็บก็จะหาย ที่เป็นหนี
213,ถ่านไฟ,ฝันเห็นถ่านไฟลุกแดงในเตา หรือไฟไหม้เป็นควันดำหรือควันคุกรุ่น ทายว่า จะต้องย้ายที่อยู่หรือที่ทำงานในไ
214,ถ่ายรูป,ฝันว่าตนเองได้ถ่ายรูป ทายว่า สิ่งที่เป็นอยู่ของคนเราจะเปลี่ยนแปลงในทางตรงกันข้ามคือกำลังกังวลหรือกำล
220,ถอยหลัง,ฝันว่าตนเองเดินถอยหลัง หรือพาหนะนั้นไปถอยหลัง ทายว่า การงานที่คิดไว้จะไม่สมหวังหรือจะต้องมีการเสียเง
221,ถอด,ฝันว่าตนเองถอดเสื้อ ถอดรองเท้า หรือถอดเครื่องแต่งตัว ทายว่า ที่กำลังป่วยจะหาย ที่กำลังมีเคราะห์ก็จะห
216,ถีบจักร,ฝันว่าตนเองได้ถีบจักรเย็บผ้า หรือถีบจักรยานทายว่า ชายจะมีการเดินทางไกลหรือโยกย้ายที่อยู่ หญิงจะมีปาก
218,ไถนา,ฝันเห็นคนไถนา หรือเครื่องไถคราดกลางทุ่ง หรือตนเองขับรถไถทำงานอยู่ ทายว่าจะได้ลาภทางไกล หรือก้าวหน้าใ
219,ไข่แดง,ฝันเห็นไข่แดง หรือมีผู้นำไข่มาให้ตนเอง ทายว่า จะได้บุตรหญิง หรือได้ลาภจากเพศหญิง ชายโสดจะได้เนื้อคู่
222,ถางหญ้า,ฝันเห็นคนถางหญ้า หรือตนเองเป็นผู้ถางหญ้า จะหมดเคราะห์ และหนี้สินที่มีอยู่จะเบาบางลง หรือมีอันจะได้ลา
223,ถวายน้ำ,ฝันว่าตนเองได้ถวายน้ำถวายข้าวพระ หรือถวายน้ำปัจจัยแก่ภิกษุสงฆ์ และภิกษุรับประเคนไป ทำนายว่า จะได้รับ
224,ถูกฆ่า,ฝันว่าตนเองถูกฆ่าตาย ทำนายว่า จะมีโชคลาภทางการเงินดีขึ้น ที่มีเคราะห์หนี้สินจะหมดคลี่ไป
225,ต้นไผ่,ฝันเห็นต้นไผ่ขึ้นในครัวหรือในบ้าน หรือต้นไม้เล็กๆ โผล่ขึ้นในบ้าน ทำนายว่า จะมีผู้มาจากทางไกลนำข่าวดี
226,ถากไม้,ฝันเห็นคนถากไม้ หรือตนเองเป็นผู้ถาก ทำนายว่า ศัตรูที่คิดร้ายจะมีอันพ่ายแพ้ ถ้าเป็นคดีความจะชนะ หรือจ
65,เมียน,ฝันว่าตนเองถูกเมียนด้วยแส้ หรือหวาย ทายว่าจะหมดเคราะห์ ที่ป่วยเจ็บจะหาย ที่มีทุกข์ร้อนการเงินจะมีทาง
229,ทอง,ฝันว่าได้ใส่สายสร้อยทองคำ หรือได้จับต้อง ทายว่าการที่คิดไว้จะสมหวัง หรือถ้ามีบุตร บุตรคนนี้จะเป็นหญิ
238,ทัพพี,ฝันว่าเห็นทัพพีตักข้าว หรือเห็นทัพพี ทายว่าโชคลาภจะมาถึงในเร็ววัน หรืออาจมีอุปสรรคเกี่ยวกับการทำมาหา
241,ทิวเขา,ฝันเห็นทิวเขาเป็นแนวยาวเหยียดยืนข้างหน้า ทายว่า งานที่คิดไว้จะมีอุปสรรค หรือเลิกล้ม หรือมีการเปลี่ยน
230,ทราย,ฝันว่าได้ไปเดินเล่นบนหาดทราย หรือตักทรายเข้าบ้าน ทายว่า จะได้โชคลาภทางการเงิน หรือมีอำนาจวาสนาขึ้น
231,ตะกร้า,ฝันว่าได้เห็นตะกร้าภายในบ้าน หรือเห็นตะกร้า ทำนายว่าจะได้โชคลาภ และตำแหน่งการงานดีขึ้น
234,ทำขวัญ,ฝันว่ามีผู้ใหญ่จับมือทำขวัญให้แก่ตนเองทายว่า ที่ป่วยจะหาย ร่างกายจะสมบูรณ์พูนสุข และมีโชคลาภทางเสี่ย
235,ทรงกลด,ฝันเห็นพระอาทิตย์หรือพระจันทร์ทรงกลดเปล่งรัศมี ทายว่า สตรีมีครรภ์จะได้บุตรชายเป็นศรีสง่า หรือจะมีโชค
236,ทาสี,ฝันว่าทาสีบ้านตนเองด้วยสีสันต่างๆ หลายสีสันไป ทายว่า จะได้สมาชิกใหม่เพิ่มขึ้นในครอบครัวหรือในบ้าน จะ
237,ทะเลาะ,ฝันเห็นการทะเลาะวิวาท หรือฝันว่าทะเลาะเป็นปากเสียงกับเพื่อนบ้านในฝัน ทายว่า จะโยกย้ายหรือมีการเปลี่ย
240,ทางรถไฟ,ฝันเห็นรางรถไฟหายไป หรือฝันว่าเดินไปตามทางรถไฟ ซึ่งมีไม้หมอนขวางรองอยู่ ทายว่า จะมีการโยกย้ายหน้าที่
242,ทุ่งนา,ฝันเห็นทุ่งนาเรื่งว่าง หรือตนเองเดินไปกลางทุ่งนา ทายว่า จะป่วยเจ็บหรือมีเคราะห์เกิดขึ้นภายในครอบครัว
244,ทุเรียน,ฝันเห็นทุเรียน หรือได้กินเนื้อทุเรียน ทายว่าจนหมดเคราะห์ หรือหายจากโรคภัยไข้เจ็บ ถ้าเป็นคดีความจะชนะ
245,เทียนไข,ฝันเห็นเทียนไข หรือตนเองเป็นผู้จุดเทียนไขสว่างขึ้น ทายว่า จะได้โชคลาภลอยเล็ก ๆ น้อย ๆ เกิดขึ้น
67,ฆ่าสัตว์,ฝันว่าได้ฆ่าสัตว์ เช่น วัวควาย หรือสัตว์เลี้ยงภายในบ้าน ทายว่าจะได้รับความร้อนใจ เพราะเสียของรักหรือ
248,ท่าเรือ,ฝันว่าตนเองลงเรือจอดท่า หรือยืนอยู่ที่หน้าท่าเรือ ทายว่า การที่คิดไว้จะสมหวัง หรือจะมีโชคลาภในหน้าที
250,ทอผ้า,ฝันเห็นเครื่องทอผ้า หรือตนเองได้ทอผ้าด้วยมือของตนเอง ทายว่า จะได้รับโชคทางไกล หรือก้าวหน้าในหน้าที่ใ
254,ทอดสมอ,ฝันเห็นเรือทอดสมอ หรือทอดสมอของเรือลงในน้ำ ทายว่า การที่ลงมือทำหรือคิดไว้จะมีอันล้มเหลว หรือเรื่องที
256,เท้า,ฝันว่าเท้าตนเองขาด เป็นความฝันไม่สู้ดีนัก หรือฝันว่าเอามีดฟันเท้าตนเอง หรือฝันว่าถูกตัดเท้า ทายว่าจะ
257,ทอดผ้าป่า,ฝันว่าได้ไปในงานหรือได้เห็นงานทอดผ้าป่าทอดกฐิน หรือการถวายผ้าแก่พระสงฆ์ ทายว่า ผู้ฝันจะได้รับโชคลาภเ
232,เทวดา,ฝันว่าได้เฝ้าเทวดา หรือเข้าไปนั่งฟังเทวดาในสภาธรรม ทายว่า จะหมดเคราะห์ ที่ป่วยจะหาย และจะได้รับโชคลา
243,ทดน้ำ,ฝันว่าได้ทดน้ำ หรือวิดน้ำในคูใหญ่เอามาใส่ในคูเล็กเป็นที่เก็บกักน้ำของตนเอง (ทดน้ำหมายความว่าทำน้ำไปเ
249,ท้องเดิน,ฝันว่าตนเองท้องเดิน เป็นความฝันดี ทายว่า ผู้นั้นจะประสบโชคลาภในหน้าที่การงาน หรือกิจการค้าขาย
252,ทาเล็บ,ฝันว่าทำเล็บทาเล็บของตนเอง (มักจะเป็นฝันของสตรีเสมอ) ทายว่า ผู้ฝันจะได้รับข่าวดี ถ้าเป็นหญิงโสดจะมีผ
253,แท่น,ฝันว่าขึ้นไปนั่งบนแท่นหิน หรือแท่นอาสนะที่นั่งสูง สง่างาม ทายว่า ผู้ฝันจะได้ลาภยศเพิ่มขึ้น จะมีความส
255,โทษ,ฝันว่าต้องโทษหรือต้องถูกกุมขังคุมขัง ฝันชนิดนี้ส่วนมากมักจะเป็นฝันดี คำทำนายเช่นเดียวกับฝันว่า'ถูกจั
263,อัมรงค์,ฝันเห็นอัมรงค์หรือวงแหวน หรือฝันว่าได้สวมนิ้ว หรือมีผู้อยู่ยื่นส่งมาให้ ทายว่าหญิงมีครรภ์จะได้บุตรี 
70,งูรัด,ฝันว่างูรัด หรือเลื้อยย่างพันร่างกาย ทายว่า ถ้าเป็นคนโสดจะได้พบเนื้อคู่ในกะทันหัน ให้สังเกตความฝันว่
264,นก,หญิงชายใดฝันว่าได้จับนก หรือได้นกทั้งกรงเข้ามาไว้ในเรือน ทายว่า จะได้ลาภสัตว์สี่เท้าสองเท้า หรือจะได
270,นกเถ้าแมวหรือแมวทุย,ฝันถึงนกเถ้าแมวหรือแมวทุย ทายว่า จะได้รับข่าวร้าย หรือสิ่งที่ไม่ดีกับครอบครัวจะแตก ถ้าฝันในระหว่างเด
267,นกแก้ว,ฝันเห็นนกแก้ว ทายว่า ความลับของตนเองจะถูกเปิดเผย หรือถูกนินทากล่าวร้าย
260,ธง,ฝันเห็นธงโบกไสวอยู่บนยอดเสาสูง ทายว่า จะได้เลื่อนยศเลื่อนตำแหน่งหน้าที่การงานดีขึ้น หรือคิดอะไรจะได้
261,ธนบัตร,ฝันเห็นธนบัตรลอยอยู่ในบ้าน หรือมีผู้ยื่นมาให้ในฝัน ทายว่า ท่านจะสูญเสียของรัก หรือมีหนี้สินผูกพันมาก
262,ธูปเทียน,ฝันเห็นธูปเทียนจุดบูชาพระ หรือได้กลิ่นควันธูป ในฝันได้จุดธูปบูชา ทายว่า จะหมดเคราะห์ ที่ป่วยจะหาย หร
268,นกกระจาบ,ฝันถึงนกกระจาบ หรือนกเล็ก ๆ ทายว่าจะเป็นลางดี จะได้รับโชคลาภเล็ก ๆ น้อย ๆ ติดต่อกันไปเรื่อย ๆ
269,นกยูง,ฝันเห็นนกยูง สตรีผู้ฝันจะได้พบเนื้อคู่สูงศักดิ์ดี ถ้าเป็นชายฝัน จะได้บริวารและคนใช้ที่จงรักภักดี มีค
271,นม,ฝันเห็นเด็กทารกกำลังดูดนม หรือฝันว่าเด็กอื่นมาดูดนมเราทายว่า จะได้อริใจ มีการเจ็บไข้ได้ป่วยหรือเสียเ
272,นาค,หญิงชายใดฝันว่านาคหรือมังกรหรือมีงูใหญ่เข้ามารักษา ทายว่า ที่เจ็บจะหายคลายทุกข์ มีลาภมาสู่ผู้ใหญ่
273,เนื้อหนัง,หญิงชายใดฝันว่าตนเองถูกเชือดเนื้อหนัง ทำนายว่า จะพ้นเคราะห์ ที่เจ็บจะหายคลายทุกข์ มีลาภมาสู่ผู้ใหญ่
277,น้ำฝน,หญิงชายใดฝันว่าได้ลงเล่นอาบน้ำฝน เป็นที่เย็นชุ่มชื่นใจ ทายว่า ที่ป่วยจะหาย ที่ทุกข์จะคลาย โชคลาภจะตา
72,เงินทอง,ฝันว่าได้เงินได้ทอง หรือฝันว่าได้จับเงินทอง ทายว่า ผู้ฝันหรือคนในฝันจะได้เงิน แต่ในพจนานุกรมไทยตีควา
283,นาฬิกา,ฝันว่าได้ลวงใส่นาฬิกา หรือจับต้องนาฬิกาข้อมือ ทายว่า จะได้พบเนื้อคู่ หรือมีโชคลาภทางการเสี่ยง
290,นุ่น,หญิงชายใดฝันว่าได้เห็นนุ่นหรือสำลี หรือฝันว่านุ่นกระจายเต็มบ้าน ทายว่า จะได้รับข่าวดีทางการค้าที่รอค
276,นอน,ฝันว่านอนอยู่ในที่อันสงบหรือสวย ทายว่า จะได้พบเนื้อคู่ หรือจะมีโชคลาภทางหน้าที่การงาน
278,น้ำท่วม,หญิงชายใดฝันว่าน้ำท่วมเรือน หรือน้ำท่วมถนนหนทาง ทายว่า จะต้องเดินทางไกลหรือโยกย้ายที่อยู่ แต่จะไปในท
280,นองเลือด,ฝันว่าได้เห็นการฆ่ากันนองเลือด หรือเลือดสัตว์ที่ถูกฆ่านองพื้นถนน ทายว่าจะได้ลาภลอย หรือมีโชคทางการเส
281,นางเวท,หญิงชายใดฝันว่าเห็นนางเวท หรือเทวดาเข้าสิง หรือนางชี ทายว่า จะหมดเคราะห์ ที่เจ็บป่วยจะหาย
282,นัยน์ตา,หญิงชายใดฝันว่านัยน์ตาของตนเองบอดมืดมิด หรือเห็นคนตายบอดในฝัน ทายว่า การที่คิดไว้จะไม่สมหวังหรือล้มเ
284,นางพยาบาล,ฝันเห็นนางพยาบาลอยู่ใกล้ชิด ได้พูดคุยด้วย ทายว่า จะได้อยู่ในที่สงบเงียบ หรือมีเหตุในทางเดินทาง
285,น้ำหอม,หญิงชายใดฝันว่าได้ใส่น้ำหอมหรือน้ำอบไทยพรมร่างกาย ทายว่า จะหมดเคราะห์ หรือหายจากเจ็บไข้ได้ป่วย
287,น้ำเต้า,ฝันว่าได้กินผักน้ำเต้า หรือจับต้องลูกน้ำเต้าลูกฟัก หรือลูกแตง ทายว่า หญิงมีครรภ์จะได้บุตรชายหน้ารัก 
288,น้ำเหลือง,หญิงชายใดฝันว่า เห็นศพคนตาย หรือตกไปในบ่อน้ำเหลือง หรือเห็นศพคนตายมีน้ำเหลืองอุจาด ทายว่า จะได้รับโช
289,นิ้ว,หญิงชายใดฝันว่าได้ตัดนิ้วมือหรือนิ้วเท้าตนเองออก ทายว่า จะได้รับเคราะห์ หรือสูญเสียญาติผู้น้อยภายในบ
91,จูบ,ฝันว่าได้กอดจูบเด็กเล็ก ทายว่า จะได้ลาภหรือสิ่งของเป็นของกำนัล ถ้าได้จูบคนสูงอายุกว่า ทายว่า จะได้ลา
293,น้ำตา,ฝันเห็นน้ำตา หรือฝันว่าน้ำตาตนเองไหลเพราะร้องไห้ ทายว่า ของที่หายจะได้รับคืนมาในเร็ววัน หรือมิฉะนั้น
294,นาก,ฝันเห็นนากสัตว์สี่เท้าที่เที่ยวหาปลากินในน้ำ หรือแนวน้ำ (ตำราต่างประเทศ) ทายว่า จะได้รับข่าวจากญาติท
295,บ่อน้ำ,หญิงชายใดฝันว่าตกลงไปในบ่อน้ำลึก ทายว่าจะได้รับเคราะห์ร้าย หรือกิจการงานที่ทำไว้จะล้มเหลว
296,บริโภค,ฝันว่าได้บริโภคอาหาร หรือของกินเข้าไปอิ่มเต็มที่ ทายว่า จะได้รับทุกข์และเจ็บไข้ได้ป่วย หรือเสียเงินท
298,บวช,ฝันว่าได้บวช หรือได้ห่มผ้าเหลือง ทายว่าจะหมดเคราะห์ หรือญาติผู้ใหญ่ที่ป่วยจะหาย
300,บันได,หญิงชายใดฝันว่าได้ก้าวขึ้นบันไดสูง ทายว่าการที่คิดไว้จะสมหวัง ถ้าฝันว่าตกจากบันได จะได้รับความเดือดร
301,แบกหาม,หญิงชายใดฝันว่าได้แบกหามของหนัก และเดินทางไปตามถนนที่เปลี่ยวและอันตราย ทายว่าจะหมดเคราะห์หมดทุกข์ แล
302,บัว,หญิงชายใดฝันเห็นดอกบัว และได้ถือดอกบัวในมือ ทายว่า จะได้ลาภหรือได้ทรัพย์เข้ามาไว้ใช้ในบ้าน
303,บัวขาว,ฝันเห็นดอกบัวขาวกลางสระ หรือได้เด็ดดอกบัวขาว หญิงมีครรภ์จะได้บุตรชายน่ารัก หรือมิฉะนั้นจะได้ลาภยศ หร
304,บานไม่รู้โรย,หญิงชายใดฝันว่าได้เด็ดดอกบานไม่รู้โรย หรือมีผู้นำมาให้ในฝัน ทายว่า อายุจะยืน หรือญาติผู้ใหญ่ในบ้านที
305,บิน,หญิงชายใดฝันว่า ได้บินไปมานอกจากแสงแดด ทายว่า จะได้รับเคราะห์จากคนใกล้ชิด หรือจะมีโรคภัยไข้เจ็บ
306,เบาะ,หญิงชายใดฝันว่า เก็บเบาะหรือที่นอนเด็กเล็กใส่รถ หรือฝันเห็นเบาะมีการกลอยมากลางน้ำ ทายว่าจะได้รับเครา
307,บุตร,หญิงชายใดฝันว่า มีคนเอาเด็กมาทิ้งไว้ในบ้าน หรือคลอดบุตร ทายว่า จะต้องเสียของรักหรือเงินทอง
443,ไก่เท้า,ฝันเห็นไก่เท้า ทายว่า จะได้พบบุญหรือได้รับข่าวงานและการเงินชนิดหนึ่งให้ดีเลื่องมือน
308,เบ็ด,หญิงชายใดฝันเห็นเบ็ดตกปลา หรือฝันว่าจับปลาเบ็ดแต่ไม่ได้ตก ทายว่า ลาภจะมาหา หรืออุบัติภัยอุบัติเหตุจะ
314,ปลา,หญิงชายใดฝันว่าได้จับปลา ทำนายว่า จะได้ลาภ หรือได้ข่าวดี หน้าที่การงานจะดีขึ้น
312,บ้องไฟ,ฝันเห็นบั้งไฟ หรือดอกไฟที่จุดในงานต่าง ๆ ทายว่า จะเป็นฝันดีแตกต่างจากฝันว่าไฟไหม้ และในฝันว่าบั้งไฟ 
106,จากบ้าน,ฝันว่าออกจากบ้านไปโดยไม่มีจุดหมาย ทายว่า จะประสบความล้มเหลวในงานที่ทำอยู่
309,โบสถ์,หญิงชายใดฝันว่า เดินเข้าในโบสถ์ หรือเห็นพระในโบสถ์ ทายว่า จะหมดเคราะห์ หมดทุกข์ ที่ป่วยจะหาย มีโชคดี
317,บาน,หญิงชายใดฝันว่าได้เห็นดอกบาน ทายว่า อายุจะยืน ที่ป่วยเจ็บจะหาย
247,ที่มีศพ,ฝันเห็นที่มีศพหรือยวงศพ หรือตนเองเดินเข้าไปในสุสานที่มีศพ ทายว่า จะได้รับโชคลาภทางใดทาง หรืออาจมีผลด
313,ปลิง,หญิงชายใดฝันปลิงกัดร่างกาย หรือฝันให้ตื่นตกใจ ทายว่า จะได้พบแต่คนดี มีความสุขในครอบครัว
316,ปราสาท,หญิงชายใดฝันเห็นปราสาท หรือได้เข้าไปอยู่ในปราสาทของพระเจ้าแผ่นดิน ทายว่าจะมีอำนาจสูง ผู้ใหญ่จะอุปถัม
310,บัตร,ฝันเห็นบัตรหรือกระดาษบัตรต่าง ๆ จะเป็นฝันดี จะได้รับข่าวดี มีลาภลอยเล็ก ๆ น้อย ๆ หรือได้รับโชคทางการ
311,บวงสรวง,ฝันว่าได้บวงสรวงเทพยดา หรือบูชานาคาถวายเทพเจ้าต่าง ๆ ทายว่า ที่ป่วยหาย ที่เป็นความจักชนะ ถ้าเป็นการค
315,ปลวก,ฝันว่าปลวกขึ้นภายในบ้าน หรือฝันเห็นจอมปลวกสูงใหญ่ ทายว่าจะได้รับเลื่อนตำแหน่งหน้าที่การงานหรือการเงิ
318,บุบะ,หญิงชายใดฝันว่า เก็บบุบะหรือที่บ่อนเด็กแล้ก หรือฝันฟันก่อนบุบะมีการกอยมากจากว่า หากว่าจะได้รับเคราะห
319,บูดร,หญิงชายใดฝันว่า มีคนเอาเดียงข้างให้นิม หรือดลอุตดร หากว่า จะต้องเสียขอจีกหรือเจียบทอง
320,เบิด,หญิงชายใดฝันเห็นบิจดกบปลา หรือให้น้ำสึ่ม เมื่อแล้วไม่ได้ตก หากว่า ล่าจะมาทางไกล หรือปากมี่มาก จะมาท
321,ใบไผ่,ฝันว่าเอาใบไผ่มาร้อยทำพาน ทายว่าจะได้สิ่งมงคล มีความสุขความเจริญ
120,ซฎา,ฝันเห็นซฎาสมหศิรษะกษัตริย์ หรือซฎพวกละคร หรือหมวกมีเหลมคล้ายซฎา ทายว่า จะได้ดีมีโชคทางหน้าที่ การงาน
322,แก้ว,ฝันเห็นแก้วใสแจ่มใสในบ้าน ทายว่าจะได้รับความเสื่อมเสียทางชื่อเสียง หรือจะมีเรื่องเศร้าใจในครอบครัว
442,ไม้กางเขน,ฝันเห็นไม้กางเขนสำหรับศาสนาคริสต์ หรือไม้กางเขนที่ปักบนหลุมฝังศพ ทายว่า จะได้จากหรือได้เสียโอกาสการค
259,ธนู,ฝันว่าได้ยิงธนูหรือได้จับคันธนูน้าว ทายว่า การที่คิดไว้จะสมหวัง หรืองานที่อุปสรรคจะผ่านพ้นไปได้ดี จะ
274,นุ่งผ้า,ฝันว่าได้นุ่งห่มอาภรณ์ หรือเครื่องตบแต่งเป็นสีขาวล้วน ทายว่า จะมีความสุขอุดมเจริญ ปราศจากโรคภัย
323,ในสนาม,หนึ่งชายได้ผันว่าใส่ในสนามทาเป็นแคน ๆ หรือ ในสนามช้างอยู่ภายในบ้านแตนแอง คายว่า จะใส้ยามารื่น พรื้อ 
324,บิดามารดา,ฝันเห็นพระสงฆ์หรือบิดามารดาที่เสียชีวิตแล้ว ทายว่า จะได้โชคดี หรือได้รับหน้าที่การงานดีขึ้น
325,บาดเจ็บ,ฝันว่า ตนได้รับบาดเจ็บ หรือถูกสัตว์กัดจากแมลงต่าง ๆ แต่ไม่มีอันตรายร้ายแรง ทายว่าจะหมดเคราะห์ และจะม
330,ร่มสีเหลือง,ฝันเห็นร่มสีเหลืองสำหรับใช้กันแดดในการเดิน หรือร่มที่พระถือ ทายว่าจะได้ลาภใหญ่ทางต่างๆ หรือได้เลื่อน
328,บางสะรวง,ฝันว่าได้บังสะรวงเพชรยดา หรือขมานุม คราสมความพิเศษด้วย ๆ หายไร ที่ปวยจะหาย ที่เป็นความกังขา กำเป็นกา
329,บั้งไฟ,ฝันเห็นบั้งไฟ หรือดอกไฟที่จุดในงานต่าง ๆ ทายว่า จะเป็นฝันดีแตกต่างจากฝันว่าไฟไหม้ และในฝันว่าบั้งไฟเ
331,เกี๊ยว,ฝันเห็นเปี๊ยว หรือเงินทองที่คนในสมัยโบราณใช้เป็นสื่อในการซื้อขาย หรือเปี๊ยวที่หายไป จะได้รับโชคลาภหร
333,ปลาตาย,ฝันว่าปลาตายภายในบ้าน หรือฝันเห็นฝูงปลาตายจำนวนมาก ทำนายว่าจะได้รับเลื่อนตำแหน่งในงานหรือการงาน การเ
334,กิ้น,หญิงชายใดฝันเห็นปิ้น หรือได้ยินปั้นเป็นที่พอชาสิเธอ พบว่า หญิงจะได้พบเนื่อง ชายจะได้วางสาคาดี ชิน
327,กบ,ได้ยินเสียงกบ หรือเห็นฝูงกบจำนวนมาก หรือได้จับกบ ทำนายว่า จะได้โชคลาภทางการค้าขาย นายหน้าหรือการเสี่
342,ไข่ไก่,หญิงชายใดฝันว่า กินไข่ไก่ หรือเห็นไข่ไก่ดิบ ทำนายว่าจะได้ซื้อขายรับกำไรหรือได้รับเงินทอง หรือข้าวของ
266,นกนางนวล,ผู้ชายที่ฝันถึงนกนางนวล ทายว่า จะได้ภริยาที่ดีมีคุณสมบัติ ถ้าเป็นชายมีครอบครัวแล้ว จะได้บุตรหญิงน่าร
326,บุคคล,ฝันเห็นบุคคลใดบุคคลหนึ่ง จะเป็นผู้ที่เราเคยรู้จัก ฝันนี้จะดีหรือร้ายต้องขึ้นอยู่กับลักษณะ และบุคคลนั
335,ปูนขาว,หญิงชายใดฝันว่าได้ทาปูนขาวขึ้นที่สูง ทำนายว่า จะหมดเศร้าโศก ที่เจ็บจะหาย จะอยู่เย็นเป็นสุข งานที่ติด
336,ปล่องไฟ,หญิงชายใด ฝันเห็นปล่องไฟมีควันพุ่งขึ้น ทำนายว่า จะได้รับข่าวจากญาติมิตรที่อยู่ห่างไกล หรือมิตรสหาย จ
337,ปลูก,หญิงชายใด ฝันว่าได้ปลูกป่าน หรือปลูกต้นไผ่ ทำนายว่า การที่คิดไว้หรือทำไว้จะได้รับผลสำเร็จเป็นที่น่าพ
338,เปา,หญิงชายใดฝันว่าได้นำเปาอยู่ หรือกินเปาหรือใส่เปาลงในปาก ทำนายว่าจะต้องได้รับผลประโยชน์จากคนอื่น คนใน
347,ประโคม,ฝันเห็นการประโคมด้วยดนตรีเพื่อเฉลิมฉลองในงานมงคล ทำนายว่า จะต้องเสียใจในครอบครัว
340,ปล่อยนก,หญิงชายใดฝันว่าได้ปล่อยนก ปล่อยมด หรือปล่อยสัตว์เลี้ยงในบ้านออกไป ทำนายว่าจะหมดทุกข์โศก จะได้รับโชคล
339,เปื่อย,หญิงชายใดฝันว่า เสื้อผ้าที่สวมใส่เปื่อยเน่าหรือขาดรุ่งริ่ง หรือสิ่งของเปื่อยเน่า ทำนายว่าจะได้กู้คืน
344,พระพุทธรูป,ฝันเห็นพระพุทธรูป หรือพระพุทธเจ้า เป็นเคราะห์ดี ทำนายว่า กำลังเคราะห์ที่จะหายากจะผ่านไป จะได้รับสิ่ง
598,หญ้า,ฝันว่าได้นั่งบนหญ้าเช่นเนื่อง หรือมองลามหญ้า จะได้รับโชค หรือมีสามีที่มีเศร้าเศร้า
275,นั่งเรือ,ฝันว่าได้นั่งเรือแล่นไปตามลำคลองหรือแม่น้ำ ทายว่า การใด ๆ ที่คิดไว้จะเป็นผลสำเร็จ หรือชะตากำลังจะมีล
286,"น้อยหน่า, น้อยใหม่",ฝันว่าได้กินผลไม้น้อยหน่า หรือน้อยใหม่ (ฝันมักจะได้แก่สตรี) ทายว่า ถ้ากำลังตั้งครรภ์จะได้บุตรอ้วนท้ว
292,น้ำผึ้ง,ฝันว่าได้ดื่มน้ำผึ้ง ทายว่า จะได้รับผลสำเร็จในกิจการที่กำลังดำเนินอยู่นั้นว่าได้ดีสมและได้กินทั้งรัง
349,ประตู,ฝันเห็นประตู หรือเดินผ่านประตูเปิดแล้ว หมายว่า จะได้รับโชคลาภในหน้าที่การงานและการเงิน แต่การเสียประ
350,เครื่องประดับ,ฝันเห็นเครื่องประดับ หรือของมีค่า หรือได้สวมใส่เครื่องประดับ หมายว่า จะได้เลื่อนตำแหน่งในการงาน โดยไ
352,ป่องประกาศ,ฝันเห็นป่องหรือการประกาศหรือกองทัพแห่แคว้นต่างๆ หมายว่า งานที่กำลังดำเนินอยู่จะมีอุปสรรค์ หรือถึงแม้
351,เทียน,ฝันเห็นจุดเทียน หรือเทียนไหว้พระ หมายว่า จะได้เลื่อนตำแหน่งในราชการหรือในที่ทำงาน และจะได้รับโชคลาภจ
355,กิ้ง,หญิงชายใด ฝันว่า ถูกกิ้งรุมกัด จะรู้สึกเดือดร้อนใจภายใน หรือตกใจผวาใจ
358,กระต่าย,หญิงชายใดฝันเห็นกระต่าย ทำนายถึงอนาคตที่ดี หรือได้รับเงินทองบางส่วน
359,เกยาก,ฝันว่าตกลงในน้ำงานเผาศพ หรือบ่นต้องพูด หรือได้ดินโคลนกลองของ หายป่วย จะประสบโชคลาภทางการงาน และจะการ
360,ฝูงกบ,ฝันเห็นฝูงกบเต้นรำบนดิน หรือเสียงกบร้องดังใสต่างๆ มากมายในฝัน ทำนายว่า จะมีความเจริญ และจะมีโชคลาภทา
361,ผง,หญิงชายใดฝันว่า ได้ติดผงทาหน้า หายป่วย จะแก้เคราะห์ หมดทุกข์ ฝันว่า ผงร่วงจากฟ้าจะเป็นลางไม่ดี จะได้
362,ผลไม้,ฝันเห็นผลไม้ หรือได้รับรู้โลก หายป่วย จะได้โชคลาภจากการค้าหรือขายหน้า หรือสามารถ
367,แผ่นดินไหว,ฝันว่าแผ่นดินไหว แต่ไม่ทำความเสียหาย หายาก จะมีโชค ฐานะทางการเงินจะดีขึ้น แต่ถ้าฝันว่า แผ่นดินไหวแรง
297,บ้าน,ฝันเห็นบ้านหรือเรือนปรักหักพัง ทำนายว่า จะเสียของรักหรือมีเหตุทะเลาะวิวาทในครอบครัว ถ้าฝันว่าเดินเข้
368,ผู้ดูงาม,ฝันเห็นผู้ดูงาม เป็นลางไม่ดี จะเสียของหรือเงินทอง ถ้าเป็นชายฝัน หายาก จะหมดเศร้า และจะได้รับโชคเล็ก 
375,ฝี,ฝันว่าร่างกายเป็นฝีเป็นหนอง ได้รับความเจ็บปวดมาก แต่ถ้าฝีแตก หายาก จะหมดเคราะห์ และจะฟื้นฟูขึ้น
369,ผ่าท้อง,ฝันว่า ผ่าท้องตนเอง เห็นของดีออกมา หายาก จะได้รับโชคลาภใหญ่ หรือโชคทางการค้า ควรทำบุญให้พอเหมาะ ภายห
363,ผิวหนัง,ชายใดฝันว่าได้ผิวหน้าสวยงาม หายาก จะได้รับความรักใคร่จากเพศตรงข้าม หรือมีคู่ครองใหม่ หญิงฝันได้ผิวสว
364,ผ้าโพกหัว,หญิงชายใดฝันว่า ได้ใส่ผ้าโพกหัว หรือดูคนอื่นโพกหัว หายาก จะหมดเคราะห์ ที่เจ็บจะหาย หรือจะได้รับข่าวด
371,หอม,ถ้าฝันรับประทานของหอม หายาก จะเป็นสุข งานที่คิดไว้หรือกำลังดำเนินอยู่จะสำเร็จและให้ผลดี
374,ฝั่ง,ฝันว่า ว่ายข้ามฝั่งน้ำ ฝั่งคลอง หรือขึ้นฝั่งแก่ หายว่า การที่คิดไว้จะสมหวัง หรือจะได้รับข่าวดีในพลาง
372,ฝน,หญิงชายใดฝันว่า ได้เดินเล่นในสายฝน หรือถูกฝนผง โชคดี หายาก ที่ป่วยจะหาย ที่ทุกข์จะคลาย และจะมีโชคลาภ
365,นั่งไฟ,หญิงชายใดฝันว่า ได้นั่งไฟ หรือนั่งใกล้ไฟ โชคร้าย หายาก จะได้รับเคราะห์ หรือได้รับข่าวร้ายจากญาติมิตร
366,ผนัง,ฝันว่า เดินไปชนเข้ากับผนัง หรือก้านแพง หรือ หรือเกาะจับผนัง หายาก สิ่งที่คิดไว้หรือทำไว้จะมีผิดพลาด 
373,ฟ้าคร่ำ,ฝันว่า เห็นท้องฟ้าคร่ำ มืดมัว แต่ไม่มีฝนตกลงมา หายาก จะได้รับข่าวดี หรืองาน จากญาติมิตรทางไกล
376,ยกศพ,ฝันว่า ได้ยกศพ หายาก จะได้รับความช่วยเหลือจากคนแปลกหน้า หรือมีโอกาสดีระยะใกล้
380,พระ,หญิงชายใดฝันเห็นองค์พระหรือพระพุทธรูป รูปต่าง ๆ ความฝันนั้นเป็นมงคลแก่ตัวเอง หายาก จะได้รับโชคลาภตาม
377,แยก,หญิงชายฝันว่า ได้บินไปถนนแยก หรือเดินถึงแยก หายาก จะได้รับความช่วยเหลือ ที่เศร้าใจจะได้ดี หรือได้ลาภ
378,ยาสูบ,หญิงชายฝันว่า ได้สูบยาสูบ หรือเห็นคนสูบ หายาก จะได้รับเคราะห์จากศัตรู หรือจะมีการสูญเสียเงินทอง
379,ย่างปลา,หญิงชายฝันว่า ย่างปลา หรือกินปลาย่าง หายาก จะได้รับเคราะห์จากคนใกล้ชิด หรือในครอบครัว
381,พระจันทร์,ฝันว่า ได้เห็นพระจันทร์ส่องแสงสว่างใสเต็มดวง หายาก จะได้โชคลาภ หรือได้บุตรเป็นหญิงนำโชค
382,กระอาทิตย์,ฝันว่า ได้เห็นดวงอาทิตย์ปลั่งรัศมีส่องแสงสู่พื้นดิน แต่ไม่มังเกิดความร้อน ทายว่า จะเป็นสุขไม่มีภัยใด
383,ไผ่,หญิงชายใดฝันว่า ได้เห็นกอไผ่ใหญ่ หรือถือไผ่ในมือ หายาก จะได้พบรักแท้ หรือจะได้โชคลาภจากเพศตรงข้าม
384,ไผ่สี,ฝันว่า ปลูกไผ่ หรือได้เห็นไผ่สีเขียวใหญ่ ในป่าหรือสวน หายาก จะได้รับโชคลาภใหญ่
385,พระพุทธบาท,หญิงชายใดฝันว่า ได้ไปเท่าพระพุทธบาทหรือได้มองเห็นการพระพุทธบาทโดยไม่เคยไปเคยไปพอเอา หาย่า จะได้รับโช
387,พระบรมราช,หญิงชายใดฝันว่า ได้ไปกราบบังคมพระบรมราชา หายาก จะได้รับโชคลาภทางการงานและการเงิน
390,ฟ้าร้อง,หญิงชายใดฝันว่า ฟ้าร้องเสียงดัง หรือฟ้าแลบ หายาก จะหมดเคราะห์ หรือมีการเปลี่ยนแปลงในชีวิตให้ดีขึ้น
391,หัด,ฝันว่าตนเป็นหัดหรือมีผื่นผ้าแดงปรากฏ หรือมีแผลที่เปื่อยติดร่างกายเรา หมายว่า จะได้รับเคราะห์หลายๆ อย
392,โฮ่งเฮ้ง,ฝันเห็นเครื่องไฟฟ้าหรือไฟฟ้า หรือเห็นบุคคลถูกไฟฟ้าช็อต หมายว่า จะได้รับข่าวดีจากทางไกล หรือจะมีคนแปล
393,เหยือน,ฝันเห็นเหยือนเหยือนจากปูปลา หรือเนื้อปลาเนื้อเป็นจุกๆ ไปแล้ว หมายว่า จะได้รับข่าวดีจากต่างแดน หรือข่
396,พนมมือ,หญิงชายใดฝันว่า ได้พนมมือขึ้นสวดมนตร์ หรือพนมมือไหว้พระซึ่งมีค่าเคียงคู่ หมายว่า จะหมดเดือดร้อน ที่เ
397,พริก,หญิงชายใดฝันว่า ได้กินข้าวพริก หรือได้เขียดพริกแดง จากคืน หมายว่า จะได้รับความสุขดี หรือมีเรื่องพิเศ
399,เพลิง,หญิงชายใดฝันเห็นเพลิงหรือไฟไหม้ หายว่า จะได้ ความเดือดร้อนอย่างหนัก (ดูรายละเอียด 'ไฟ' อีกชื่อ ฟ.)
400,พวงกุหลาบ,ฝันว่าได้ดอกไม้พวงหนึ่งหรือได้หิมสีแดง เป็นมงคล หมายว่า ผู้มีฝันจะเป็นที่รักใคร่จากคนในตระกูลและใจคิ
405,กู่ราม,ฝันเห็นกันเภรูราม ได้รับต้องอนุลจ่า พายะว่า จะได้ รูปความสุขเมื่อเย็นภาคในครอบครัว คนที่เป็นสกุลรื่น
401,พระพรหม,ฝันเห็นรูปปั้นพระพรหม หรือได้กราบไหว้บูชา จะเป็นเคราะห์ดี ผู้นั้นจะได้รับความสุขพร้อมด้วยศักดิ์ศรี
402,พวงมาลัย,ฝันว่ามีพวงมาลัยดอกไม้ตูดสวยงาม มงกุฎดอกไม้ใต้ท้องฟ้า ถ้าฝันในฤดูใบไม้ผลิ ดอกไม้กำลังบาน หมายว่า ชีว
403,พราน,ฝันเห็นลูกพรานหรือกระพราน หรือได้ยินเสียง ลูกกระพรานดังคนคันต์ชนเจน ถ้าใหม่ฝันเห็นกระพรานบินสวยงินม 
404,พรรม,ฝันเห็นพรรมคุณไหญ่ ได้รับต้องและะนั้นบนหาดิน อันดีน้ันกลี ภายว่า จะได้รับการสึยเสื่องแบ่งหางกับ หรือ
407,ไฟ,หญิงชายใดฝันเห็นไฟไหม้แขน หรือ มือของตน หมายว่าจะได้รับเคราะห์อย่างหนัก อาจเกิดข้อเรียกร้องจากหัวหน้
419,ภาวนา,หญิงชายใดฝันว่า ได้ไปพบผีปีศาจหรือค้างในป่า แล้วภาวนาอ่านคาถาพระรักษา หมายว่า จะหมดเคราะห์ หรืออาการ
410,ฟ้าผ่า,หญิงชายใดฝันว่า ฟ้าผ่าลงมาเบื้องหน้า พร้อมแสงดัง ต้นไม้หักใส่บ้าน หมายว่า จะหมดเคราะห์ร้าย และจะมีโช
411,ฟูกนอน,หญิงชายใดฝันว่า ได้นอนฟูกใหม่ หมายว่า จะได้พบคนดี หรือจะมีโชคลาภจากเพศตรงข้าม
412,ฟาง,หญิงชายใดฝันว่าได้นอนบนกองฟาง หมายว่า จะได้รับโชคลาภจากญาติคนใหญ่ หรือได้เลื่อนตำแหน่งหน้าที่ในการงา
413,ฟอนรำ,หญิงชายใดฝันเห็นการฟอนรำ หมายว่าจะต้องระวังคนร้ายที่ทำงาน ถ้าฝันว่าตนฟอนรำเองจะได้รับเกียรติ จากครูอ
414,ฟันดาบ,ฝันว่าได้ฟันดาบ หรือประลองฟันดาบกับใคร ไม่ว่าแพ้หรือชนะก็จับกิดตามใจ ในฝันนั้น หมายว่า จะหมดเคราะห์ร
415,ผ้าขี้ริ้ว,ฝันถึงผ้าขี้ริ้วในอ่างล้างหรือกำลังซักฟอกเสื้อผ้า หมายว่าอีกไม่นาน ข้างหน้าจะมีหรือกำลังทำมั่นจะลิงแ
416,พื้น,ฝันว่าได้นอนบนพื้นไม้ดี ที่นุ่มเป็นพื้นเรียบ หรือพื้นเรือน หมายว่า จะมีโชคลาภ คนในบ้านจะได้รับความสุ
417,ภูเขา,หญิงชายใดฝันเห็นภูเขางามกิ่งเขียวชอุ่ม หมายว่า งานที่ดำคิดไว้จะมีผลสำเร็จ หรือมีการเปลี่ยนแปลงในดีใน
420,ภรรยา,ชายใดฝันว่า ได้แต่งงานหรือมีภรรยา หมายว่าอีกไม่นานจะได้เปลี่ยนหรือย้ายที่อยู่ จะมีลาภจากเพศหญิง
421,ภาวนะ,ฝันว่าได้รับต้องการนะที่ป็นแก้ว ทายว่าจะได้ลาภลง ๆ น้อย ๆ หรือลาภลอย ถ้าฝันว่าได้รับต้องการนะเป็นเพล
422,ภาพ,ฝันว่าเห็นตนเองเป็นเงาในกระจก หรือในน้ำ ทายว่าจะได้รับเคราะห์ หรือเจ็บป่วยเล็กๆ น้อยๆ แต่หลังพ้นเจ็บ
423,ม้า,หญิงชายใด ฝันเห็นม้าสีขาว หรือลิงสมบัติทั้งหลาย ทายว่าจะได้ลาภ และความสำเร็จในหน้าที่การงานดี อีกฝัน
425,แมลงสาบ,หญิงชายใดฝันว่า มีแมลงสาบด้วยกันหรือบูกาน ทายว่าจะได้รับเลื่อนชั้น หรือเสียค่าใช่จ่ายแก้ไขอย่างใหญ่ใ
426,มาลัย,หญิงชายใดฝันว่าได้สวมพวงมาลัย หรือพวงดอกไม้ทางที่แขนหรือที่คอ ทายว่า จะได้รับเชิญให้ร่วมงานสมรสหรือง
427,มงกุฎ,หญิงชายใดฝันเห็นมงกุฎของเจ้านาย หรือพระราชินี ทายว่า จะได้ลาภยศ และชื่อเสียง หรือฐานะสูง ภาระงานและก
424,มด,ฝันเห็นมดหรือแมลงต่างๆ เป็นกรมฟ่อนอยู่ในบ้าน ทายว่า จะได้รับโชคลาภใหญ่หลวง หรือได้ข้าราชการเจริญ
428,มรกต,(ดูคำว่า 'เพชรพลอย' อีกครั้ง พ.)
429,มไหว่,ฝันได้ยินหรือได้ฟังเพลงไว้ในพิธีไว้ในราชสำนัก หรือเต้นรำมไหว่ ทายว่า จะต้องเสียญาติหรือคนภายในบ้าน
430,มาลี,(ดูคำว่า 'มาลัย')
435,มหรสพ,ฝันว่าได้ไปเห็นงาน หรือไปชมมหรสพในงาน ก่อง มีคนพลุกพล่าน ทายว่า จะมีการไปทำบุญอุทิศ แด่หน้ากากญาติงา
436,ม่าน,หญิงชายใดฝันเห็นม่านสีแดงกลางห้อง หรือม่านบังทางประตู (หน้าต่าง) ทายว่า สิ่งที่ดิ้นต่อสู้ หรือภาระเก
440,ไม้กราด,หญิงชายใดฝันว่า ได้รับไม้กราด ทายว่า จะต้องเหนื่อยในหน้าที่การงาน แต่จะได้รับโชคอย่างมาก
432,มู่ลี่,(ดูคำว่า 'ม่าน' อีกครั้ง ม.)
433,มังดา,(ดูคำว่า 'ปลา' อีกครั้ง ป.)
437,หมวก,ฝันว่าได้รับหมวกขาวดูใหญ่หรือเป็นเจ้าของ บ้างก็ดูเก่าอาบหรือผู้ที่เอามาให้แล้ว ทายว่า จะหมดเคราะห์ แ
438,หมอน,ฝันว่าได้เข้าไปนอนในที่นอนหรือได้รับ หมอนจากคู่นามาให้หนุน ทายว่า จะได้พบเนื้อคู่ที่พึงพอใจ หรือจะได
439,เมฆหมอก,ฝันเห็นเมฆหมอกลอยเป็นกลุ่มคลื่นบนฟ้า ทายว่า จะได้รับข่าวดีจากญาติมิตรที่อยู่ไกล หรือจะได้รับโชคจากทา
441,ไม้ขีดไฟ,ฝันว่าได้ไม้ขีดไฟ หรือจุดไม้ขีดไฟได้ไฟ ทายว่า จะได้รับความสำเร็จงานหรือการค้าที่คิดไว้ ต้องเสียเงิน
460,ยักษ์,ฝันว่ายักษ์หนึ่ง หรือใหญ่มาก ทายว่า จะมีอำนาจและได้รับเกียรติยศ
451,ใยแมงมุม,ฝันเห็นใยแมงมุมจากใหญ่ แต่ไม่เทิดฟ้า แมงมุมขีดใหญ่ ทายว่า จะได้พบกับเพศตรงข้ามที่น่าเลื่อมใส
444,มูลดิน,ฝันเห็นมูลดินกองเป็นภูเขาสูง ดีเหมือนครอบครัวที่บ้านจะไม่มีอันตรายอยู่มาก ทายว่า งานที่ได้ทำมีความร่
445,มงคล,ฝันว่าผู้ใดมีมงคลด้วยสิริมงคลที่งามส์ ต้นตาแสง ทายว่า จะผ่านพ้นจะดี และจะได้รับการอุปถัมภ์จากผู้ใหญ่
446,ยม,ฝันว่าสวมยม หรือสิ่งเล็กเล็กจะได้รับค่าตอบแทน และจะพ้นจากโรคภัยที่กำปวด การที่กิดคิดจะสำเร็จด้วยการป
447,มะลิ,ฝันถึงดอกมะลิ ทายว่า ผู้ฝันจะได้รับความปรารถนา และใช้ชีวิตดี ชายโสดจะได้พบเนื้อคู่สวย หญิงโสดจะได้พบ
448,เพื่อน,(ดูคำว่า 'เพื่อน' อีกครั้ง) เมา ฝันว่า เมาเหล้าหรือเมายา ทายว่า จะได้ความดี หากการตั้งใจไว้จะเจริญได
449,เมาเมื่อม,ฝันเห็นเมาเมื่อม ทายว่า จะถูกเพื่อนหลอกลวง ได้โทษ ถ้าฝันเห็นเมาเมื่อมคู่กัน ทายว่า เรื่องร้ายต่างๆ จ
450,อักษร,หญิงชายใดฝันเห็นอักษรด้วย ชนิดจะเจอ สิ่งที่มีประการหานาม จะได้เลื่อนตำแหน่งไปยืนอยู่สถานที่ใหม่ การเ
455,ยุ้งข้าว,ฝันเห็นยุ้งข้าวเต็มไปด้วยข้าว ทายว่า จะได้รับความสุขจากการบุญทำนาน และทุกข์จะค่อยๆหาย ฐานะการเงินดีข
456,ยางรถ,ฝันเห็นยางล้อรถยนต์กลิ้งอยู่หรือกีดขวางทาง จะได้รับข่าวจากทางไกลของญาติมิตร หรือคนเองจะได้เดินทาง
457,ยานพาหนะ,ฝันว่าได้นั่งไปในยานพาหนะ ในรถไฟ ทายว่าการทำดีสร้างไว้จะเป็นผลสำเร็จ และจะมีความก้าวหน้า
452,อ้อมแอ้ม,ฝันว่าข้องแข้งตัวเอง ทายว่า วิถีการหาเลี้ยง ทำที่ข้องๆ ระบบปลี่ยนแปลงไป ที่ดีจะกลายเป็นร้าย ที่ร้ายจ
458,โต้แย้ง,ฝันว่า คนเองโต้แย้งกับคนอื่นหรือมีคนมาแย้ง ทายว่า จะได้รับข่าวจากญาติมิตรทางไกล หรือจะมีความเปลี่ยนแ
459,โยกเรือ,ฝันเห็นเรือโยกไปมา หรือตัวเองโยกเรือ ทายว่า จะได้รับการอุปถัมภ์จากผู้ใหญ่
463,ยี่หร่า,ฝันว่ายี่หร่าบ้าน หรือยี่หร่าห้องนอนของตน ฐานะของคนจะเปลี่ยนแปลงไป จะเปลี่ยนเป็นดีหรือร้าย อาจมีที่อ
465,เรือ,หญิงชายได้ฝันว่า ได้นั่งเรือไปสำเภาสมุทร การเสี่ยงโชคดี รูปหล่อสมรสมยาย
466,เรือดำ,หญิงได้ชายได้ฝันฝันว่า ได้นั่งเรือไปแล่นเรือดำ หมาย การกิดคิดที่ไว้จะสมเหตุสมผล หรือมีพวงรัง
468,ร้องไห้,หญิงชายได้ฝันว่า ตนเองร้องไห้ หมายว่า จะได้ลิงช้างจากผู้ใหญ่ หรือจะได้สลากจากผู้ใหญ่
469,รัม,หญิงชายได้ฝันว่า ได้กิงรัม หรือมีรัมให้กินมาให้ใหญ่ หมาย ผู้ใหญ่จะชายเหลือเรื่องการเงินและการงาน
474,ระฆัง,หญิงชายใดฝันว่า ได้ตีระฆัง หรือได้ยินเสียงระฆัง ทายว่า จะได้ชื่อเสียงและหน้าที่ในการงานจะก้าวหน้า
470,จิตใส,หญิงชายใดฝันว่า จิตใจตนเองใส ทายว่า จะหมดโศกเศร้า มีความสุขและเจริญรุ่งเรือง
471,ช้างขี่ม้า,ฝันเห็นช้างขี่ม้าหรือนั่งบนช้าง ทายว่า เป็นมงคลแก่ชีวิต จะได้รับเงินทองและชื่อเสียง
472,รถสพ,หญิงชายใดฝันเห็นรถบรรจุศพ หรือ แห่ศพผ่านหน้า ทายว่า จะได้รับข่าวดี หรือได้สลากจากการเสี่ยง
473,ร่วง,ฝันเห็นของร่วงลงมาจากฟ้า หญิงชายที่โสด จะได้พบเนื้อคู่ ส่วนคนที่แต่งงานแล้วจะได้บุตร หรือของมีค่าร่ว
476,รองเท้า,ฝันเห็นรองเท้า หรือใส่รองเท้าของตน จะได้มีครอบครัวที่ดี หรือกิจการ อาจมีคู่มาถูกใจ หรือมีโอกาสได้เดิ
477,รวงข้าวสุก,ฝันว่าตนเองเดินผ่านรวงข้าวสุกของเขา จะมีความสุขมาก ทายว่า การงานที่คิดไว้จะเป็นผลสำเร็จ และจะได้รับผ
478,รวงข้าว,ฝันว่าพบรวงข้าวแก่เหลืองอร่าม หรือเก็บรวงข้าว ทายว่า จะได้บุตร หรือได้ลาภเป็นจำนวนมาก
479,ระเบิด,หญิงชายใดฝันว่า ได้เห็นหรือได้ยินเสียงระเบิด แต่ไม่ได้รับอันตรายหรือไม่ได้รับบาดเจ็บจากระเบิด ทายว่า
480,จังโก้,หญิงชายใดฝันเห็นจังโก้ หรือเห็นจังโก้ขี่ม้า ทายว่า จะได้รับโชคลาภ หรือของขวัญมีค่าจากญาติมิตรทางไกล
484,ร่องน้ำ,(ดูคำว่า 'ห้วยราง' อีกด้วย)
485,รากไผ่,ฝันว่าได้ขุดดูรากไผ่ หรือกินชาดกินไผ่จาก แก่นนั้น ทำนายว่า การที่คิดได้หรือทำได้จะเป็นผลสำเร็จ การงา
481,แล้ง,ฝันเห็นแล้งแห้งในที่มีความอุดมสมบูรณ์ ทำนายว่า จะได้รับข่าวดีจากเพื่อนฝูง เพื่อนจะให้ความช่วยเหลือ เ
488,ระดู,ผู้หญิงฝันว่า ระดู หรือประจำเดือน หรือโลหิตผลัดออกมาเป็นก้อนใหญ่ ทำนายว่า จะต้องมีการเดินทางต่างถิ่น
489,รื้อ,ฝันว่าได้ปันรื้อหรือทำลายบ้าน ทำนายว่า จะหมดความดี ผิดมิตร จะทำการได้กินผลสำเร็จ
490,โรคเรื้อน,ผู้ใดฝันว่า เป็นโรคเรื้อนคันผิวหนัง มีแผลหรือเป็นแผลเสียหนองเปื่อยตามตัวในร่างกายตนเอง ทำนายว่า จะให
491,ราชา,ฝันเห็นพระราชา (ตามความเข้าใจในปัจจุบัน) หรือราชาการสำคัญเศรษฐี ทำนายว่า ข้าราชการจะได้เลื่อน ตำแหน่
492,ราชสีห์,ฝันเห็นราชสีห์ (รูปปั้น หรือมีชีวิต) เหยียบย่างหรือว่าได้กิมเจ้า ทำนายว่า ผู้นั้นจะเลื่องอำนาจ เลื่อ
482,รัศมี,ฝันเห็นรัศมีหรือแสงสว่างจากดวงดาวต่าง ๆ ทำนายว่า จะเป็นสิริมงคลและเจริญ จะมีการสมปรารถนาในสิ่งที่ปรา
483,รูปภาพ,(ดูคำว่า 'ภาพ' อีกษร ก.)
486,ราชินี,(ดูคำว่า 'ราชวงศ์' อีกด้วย)
487,ราชา (ดูคำว่า 'ราชีวงศ์' อีกบ้าง ก.),""
493,ริมฝีปาก,ฝันถึงริมฝีปาก หรือริมฝีปากของตนเอง ว่าบาดเจ็บหรือเป็นแผลบาดเจ็บ ทำนายว่า จะเกิดความแตกต่าง แก่การระ
494,ร้องรำทำเพลง,ผู้ใดฝันว่า ได้ร้องรำทำเพลง ภายในมหรสพ จะเกิดเดือดร้อนถึงยามท้อง พร้อมรำพิงกับผู้หญิงหรือมีการพบอุปส
496,ลิง,ผู้ใดฝันเห็นลิงหรือลูกลิงเล็กๆ ได้เอื้อม ต้นไม้ ทำนายว่า จะได้รับความเดือดร้อนจากเด็กๆ ภายในบ้าน
499,เลือด,ผู้ใดฝันเห็นเลือดของตนหรือเลือดออกมาจากร่างกายตน ทำนายว่า จะหมดเศรษฐี และจะได้รับข่าวดีจากพี่น้อง ถ้
495,รุมราม,ฝันว่าเริ่มรักษ์คนใดคนหนึ่ง ทำนายว่า คนๆ นั้นกำลังคิดหรือกุลิจิตระคาดความหวัง จะได้รับความเดือดร้อน 
497,ลิงพาย,ผู้ใดฝันว่า ตนและลิงตบตีกัน หรือแน่นอนกำปั่นกัน ทำนายว่า จะได้รับความเผื่อแผ่น้อมให้ มีเรื่องทะเลาะว
504,ละเสาะ,ผู้ใดฝันว่า เดินพลางสำไปในป่าละเสาะ เดินหรือชำใจไปแล่นอยู่ในผลไผ่ ทำนายว่า จะได้รับเศรษฐี ทำมีบ้วย ห
506,ลิ่ม,ผู้ใดฝันว่า ตนแลบลิ่มเลียกิน หรือแลบลิ่มออกมาเลียอาหาร ทำนายว่า จะได้รับความเดือดร้อนใจ หรือมีเรื่อง
507,ลอยคอ,ผู้ใดฝันว่า ตนเองลอยคอขึ้น ปลอยตัวจึงเว่ลายให้กระแสน้ำพาไปข้างหน้าการงานกิจ แสดงคือมีผู้มาช่วยเหลือป
508,ลอยกระทง,ฝันว่าได้ไปลอยกระทง หรือฝันเกี่ยวกับลอยกระทง มีธุปเทียนประดับ ทำนายว่า ถ้าหญิงดวงใสชุ่มชื่นพึง ชายเน
500,ลอยกล,ผู้ใดฝันว่า ตนเองลุกปลิวยุ่งน่าน ย่อมตัวนี้น้ายให้กระแสน้ำท่าไปมากว่าการกบฏโลก และจะต้องมีผู้มาช่วยเ
501,ล้อยกระทง,ฝันว่าได้ไปลอยกระทง พร้อมกันกระทง ล้อยกอล มีภูปเทียนประดับ ทายว่า ร่างกายนั้งชุ่งลอยโข ซายเนื่อง ถ้า
502,ล้องแผ่,หญิงชายใดฝันว่า ได้ลิงแผ่พร้อมลองแนวน ประแสน้ำเรื่อย ๆ ทายว่า จะหมดเศราฟ ชนะขุ่น จะได้บ ชาวตร่างโลกพ
503,ล่าสัตว์,ชายใดฝันว่า ได้ไปล่าสัตว์ และยิงสัตว์ตาย ทำนายว่า จะได้รับความเดือดร้อนในระยะแรก แต่จะมีผลให้ช่วยเหล
505,ลิงพาย (ดูคำว่า พาย อีกรา พ.),""
518,เสื้อย,ฝันเห็นเสื้อย หรือได้รับเสื้อยใส่ ทำนายว่า จะต้อง เปลี่ยนแปลงหน้าที่ หรือการงานใหม่ จึงจะมีลาภ หรือด
510,ล่าเสือดาว,ชายใดฝันว่า ได้ไปล่าเสือดาว และอำเสือดาวข้าง ทำนายว่า จะได้รับความเจือกร้อนในระยะแรก แต่จะมีใผู้พอใจ
509,ลองแพ,ผู้ใดฝันว่า ได้ลองแพหรือนั่งลองแพ กระแสน้ำเรื่อย ทำนายว่า จะหามคราม พ้นทุกข์ จะได้มีชายดีจากเพื่อนผู
511,สากฉุด,ฝันว่าได้ดูดสากฉุดหรือมีคนให้ หรือมีโชค
512,เดินป่าไผ่,หญิงชายได้ฝันว่า เดินเดินไปในป่าไผ่ ผ่านพ้นไปได้ หายป่วย จะมีโชคลาภ ถ้าหักไผ่จนล้ม ทั้งงาน หรือเจ็บใ
513,ล้าง,ฝันว่าได้ล้างหน้าด้วยตัวเอง หายป่วย จะได้เงิน และเกียรติยศคุณ ฝันว่าล้างเท้า หายป่วย จะได้เปลี่ยนแปล
516,ลูกไก่,หญิงชายใดฝันว่า ได้พบลูกไก่แล้ว หรือมีคนให้ลูกไก่ให้ดู มีความหมายว่า การพึ่งดี เจ้าจะมีบุตร หรือลูก 
519,โลงศพ,ฝันเห็นโลงศพหรือใส่ศพ ฝันผี หรือดู หิ้วโลงศพผ่านมา ทำนายว่า จะได้รับโชคลาภใดๆ หรือ เปลี่ยนแปลงหน้าที
514,ลักโมย,หญิงชายได้ฝันว่า คนเอาของลักเลาะหิ้ง เศรษฐี หรือฝันว่าถูกโจรขโมยบ้าน หายป่วย จะมีเคราะห์ที่ป่วยจะหาย
515,ลูยโคลน,(ดูคำว่า 'โคลน' อีกษา ค.)
517,ลูกเขื่อน,ฝันเห็นลูกเขื่อน หรือใส่ลูกเขื่อนแขน หรือลูกเขื่อนพ่วง ทำนายว่า จะได้รับความเป็นสิริมงคล ปราศจากภัย 
520,ลูกปลา,ฝันว่าใครเอาลูกปลากินกับเม็ดเล็ก ๆ สีดำ ๆ มาโปรยใส่ตัวเรา ทำนายว่า จะมีเคราะห์ หรือลูกคนใส่ร้าย
521,เขื่อน,ฝันว่าดูเขื่อน หรือตักดินสร้างเขื่อน หมายถึงการดำเนินงานจะมีผล หรือตกในเรื่องโกรธความยุ่งยาก ผู้ที่ก
522,หัวล้าน,ฝันว่าศีรษะคนเป็นล้าน หายป่วย จะหายจากการฝันร้าย หากเป็นตำรับไทยแล้ว ความหมายเป็นดี เคราะห์และอุปสรร
524,สาม,ฝันว่าสามและขาดกิน หรือฝันว่าคิดใน ทำนายว่าจะใจดี มีการฮีดให้ไว สำเร็จ ในขั้นแรกจะมีปัญหายาก แต่เจ้า
525,ละครง,ฝันว่าละครงหรือละครที่รื่นเริง หรือสนุกสนาน ทำนายว่า จะบันเทิงใจ และจะได้รับความสุขสนุกร่วม
526,ลูกปืนใหญ่,ฝันเห็นลูกปืนใหญ่จะยิงได้ลูกปืนใหญ่ของปืนเก่า ทำนายว่า จะมีชื่อเสียง หรือมีงานสำคัญเป็นที่ดัง กำลังไ
533,ว่ายน้ำ,หญิงชายใดฝันว่า ว่ายน้ำเก่งแล้ว หรือว่ายน้ำตื่นไปได้ ทำนายว่า จะหนีเคราะห์ที่หลีกเลี่ยงได้ ถ้าหน้าฝน
527,ลูกข่าง,ฝันเห็นลูกข่างกำลังหมุน หายป่วย ลำบากและยุ่งยากในหน้าที่การงาน แต่จะมีโชคดี เจ้าจะยุ่งวุ่นวายแก้ปัญห
528,เล็บ,ฝันว่าตัดเล็บตนเอง ถ้าตัดเล็บมือ หายป่วย จะหายเคราะห์ หรือหายจากโรคเจ็บป่วย จะมีความสุข ถ้าตัดเล็บเท
530,แว่นตา,หญิงชายใดฝันว่าใส่แว่นตา หรือความผิดพลาดเรื่องดวงตา จะได้รับเคราะห์ หรือความผิดหวังเกิดขึ้น จากนั้นก
531,วัง,ฝันเห็นวัง เป็นความฝันที่ดี ผู้แลจะได้ยศศักดิ์ที่ดี หรือตำแหน่งสูงขึ้น ถ้าประกอบการค้าจะมีผลกำไรมาก
532,วงเวียน,ฝันว่าเดินรอบวงเวียน หรือเอาเท้าเปื่อนในพื้นที่แห่งหนึ่ง ทำนายว่า จะได้รับเดือดร้อนจากคำพูดที่มีอันต
534,เรือง,หญิงชายใดฝันว่า ตกลงมหาสมุทรแล้วแกว่งได้ ทำนายว่า จะได้รับเคราะห์ใหญ่ในทางเสียเลือด มีคนนิ้วพาไปสู่อ
535,"วัด, วิหาร",(ดูคำว่า ใบเสด็ก อักษร น) วงกด ฝันว่าได้เดินขึ้นไปบนเขาวงกด เป็นเท็งคอง คดมา หายว่า งานที่คิดไว้แล้ว
537,เวที,ฝันเห็นเวทีการแสดง หรือฝันตัวเองได้ขึ้นไปแสดง อะไรอย่างหนึ่งบนเวที ทำนายว่า จะถูกหลอกหลงหรือให้โกหก 
538,ว่าว,ฝันว่าคนเอาดาบมาให้ หรือผมได้ดาบ ทำนายว่า จะหมดเดือดร้อน และสำเร็จการงาน ภายหลัง
539,วิ่ง,ฝันว่าคนเอาไปอยู่ลงดีเท่าไหร่ หรือแค่ วิ่งตาม ทำนายว่า กำลังเป็นคนเจือจางจากโรค แต่กำลังเข้าขั้น หึง
540,เรียนหนังสือ,ฝันว่าได้ไปเรียนเขียนหนังสือหรือ หายปวดเศีรษะจากโรคปวดหัวเป็นฝันดี ทำนายว่า จะได้รับเกียรติ เสียงดีด
541,"ว่าย, วิทยา",ฝันว่าได้ศึกษาว่ายหรือวิทยาการอย่างหนึ่ง หมายว่าจะได้รับปัญญาจากเพื่อนฝูงหรือถูกทำให้เฉลียวฉลาด เพื่
543,ศพ (ดูคำว่า 'ลงศพ' ในอักษร ล.),""
546,กบราหรูป,หญิงชายใดฝันว่าได้เห็นกบราหรูปนั้น ฝันนี้เป็นนิมิตดีจะมีอำนาจปกครองผู้ใต้บังคับบัญชาหรือผู้อยู่ภายใต
542,ศาลา,หญิงชายใดฝันว่า ได้เข้าไปนั่งเศยในศาลา กำลังใหญ่ หมายว่า จะได้รับความสุขสบาย และครอบครัวจะอยู่ดี กิน
544,ศีรษะ,หญิงชายใด ฝันเห็นว่าก็ศีรษะของตนเอง เช่น ฝันว่าเอาน้ำไปหดศีรษะหรือแปรงศีรษะ หมายว่า จะมีญาติสมาคม หร
545,ศาลพระภูมิ (ดูคำว่า 'ศาลเจ้า'),""
547,เศร้าโศก,หญิงชายใดฝันนั้น เศร้าใจหรือเศร้าโศก ต้องกลับฝัน หมายว่า จะได้รับโชค หรือสิ่งมีค่าจากคนใกล้ชิด
548,ศิลา,ฝันเห็นแท่งศิลา หรือก้อนหินใหญ่ คือ ศิลาบุคคล หมายว่างานที่ตั้งใจว่าจะทำให้สำเร็จมีอุปสรรค หรือจะมีโ
549,ศีล,ฝันว่าตนเองได้เข้าไปรับศีล พึงกลับฝัน หมายจึงดี หมายว่า จะหมดอุปทวะ หรือจากโรคภัยหาย จะได้งานดีและกำ
551,เครื่องโทรม,ฝันว่า ได้รับเครื่องโทรม หรือเปื้อนเศษอาหารกินจานที่พังพอพอ หมายว่า จะได้รับเคราะห์จากการป่วยเจ็บ หร
552,ศัตรู,ฝันเห็นศัตรูตน หรือมีศัตรูมาทำร้าย หรือต้องสู้กับศัตรู หมายว่า จะหมดเคราะห์หรือหายจากโรคที่ทำให้ปวดแ
553,เศรษฐี,ฝันว่าตนเป็นเศรษฐี เป็นความฝันร้าย หมายว่าจะมีเคราะห์ หรือป่วยเจ็บ
554,สรวง,หญิงชายใดฝันว่าได้ยินเสียงสรวงดัง หมายว่า จะเป็นนิมิตเสริมเกษม จะได้เลื่อนตำแหน่งยศยิ่งขึ้น หรือสำคั
555,สวดมนต์,หญิงชายใดฝันว่า ได้นั่งสวดอ่านคาถา หรือกำลังคุมภาวนา หมายว่า เป็นนิมิตเด่น จะหมดทุกข์และหายจากโรคภัย
558,สมาธิ,หญิงชายใดฝันว่าได้ไปกิจกรรมสงบลงไฟหรือการปฏิบัติที่สงบอย่างสมาธิกรรม หมายว่า จะเปลี่ยนแปลงหรือโยกย้า
560,สมอเรือ,หญิงชายใดฝันว่า ได้เห็นสมอเรือทิ้งลงน้ำ หมายว่า การที่คิดไว้จะไปสำพร้อง หรือจะได้รับข่าวร้าย รางกายต
561,สมุด,ฝันได้ว่าจับสมุดเขียน หนังสือ หรือบันทึก หากเขียนใส่กันในข้อนั้น หมายว่า จะได้รับข่าวดีจากพี่น้องหรื
563,สร้าง,ฝันถึงสิ่งปลูกสร้าง หรือว่าสร้างบ้านในที่ดิน ของตน หมายว่า จะต้องเดินทางไกล และอาจประสบอันตรายได้
556,สถานี,หญิงชายใดฝันว่าได้ไปรอสถานีรถไฟเพื่อเดิน หมายว่า จะได้มีโมทนาคารหรือเดินทางจากการเสียเงินเพื่อประโยช
557,สตรี,ชายใดฝันว่าได้พบสตรีแปลกหน้า และได้พูดคุยกัน หมายว่าจะได้รับข่าวดีทางฝ่ายมารดาหรือจากเพศตรงข้าม ในทา
559,สบู่,หญิงชายใดฝันว่า ได้เห็นหรือได้ใช้สบู่ รางกาย หมายว่า จะได้รับข่าวดีจากญาติมิตรทางไกล หรือมีการโอกาสป
564,สายสิง,หญิงชายใดฝันว่า มีผู้นำสายสิงมาให้ หรือเอาสายสิงไว้ในกิ้งแขน หมายว่า จะต้องเสียเงิน หรือย่อมเดือดร้อ
562,สวน,หญิงชายใดฝันว่า ได้เดินเล่นอยู่ในสวนสวยงามนั้น หมายว่า จะหมดเคราะห์ ที่เจ็บจะหาย ซึ่งก็จะคลาย และจะไ
565,สายสร้อย,หญิงชายใดฝันว่า ได้สวมสายสร้อยคอ หรือสร้อยข้อมือ หมายว่า จะได้พบเพศตรงข้ามที่พึงพอใจ ถ้าเป็นหญิงมีคร
571,สำปา,ดูคำว่า 'เรือ' อีกครั้ง
568,เสาเงิน,ฝันว่าเห็นเสาเงินหรือเสาทอง หรือเจ็บเก็บตัวจะเก็บไว้สำหรับผู้ที่สำคัญ หมายว่าจะได้เงิน หรือจะมีเพื่อ
569,เสาเรือน,ฝันว่าเสาเรือนในบ้านกำลังล้ม หรือพึ่งล้ม เสาเรือนแตกหักเสียหาย หมายว่า จะต้องระวังเคราะห์ หรือมีความ
570,เสื่อผ้า,ฝันว่าได้ความเสื่อผ้าใหม่ หมายว่า จะพ้นจากโรค ถ้าฝันว่าได้ทอเสื่อผ้าออกจากบ้าน หมายว่า จะมีข้าวปลาอา
572,แส้,ดูคำว่า 'แซ่' อีกครั้ง
573,แม่ลิง,ฝันเห็นแสดงเป็นลางราย หรือจะจน หรือยา จะได้รับการเปลี่ยนแปลงหน้าที่ หรือโอนย้าย หรือมีคนจะแยกออกไป
574,สาก,หญิงชายผู้เห็นสากค้ำบ้านก็ดี หรือจงเจง หรือยา หญิงใจดีจะได้พบหรือเจอคู่ในเครื่องแบบ หรือจะได้น้อง ขอ
575,สายสัญญาณ,ฝันว่าจับต้องสายสัญญาณที่ฟ้าแรงบิน หรือฝันว่าผู้ใหญ่เอาสายสัญญาณมาคล้องคอ แสดงถึอ เขียน มีเมตตากรุณา
576,สารถี,ฝันเห็นสารถีขับรถมา หรือเห็นรถเทียมลาน ว่าดี มีผู้ขับที่ใส่เครื่องแต่งกาย ทายว่า จะได้เลื่อนตำแหน่งท
577,สายสะพาย,(ความหมายอย่างเดียวกับ สายพราน)
578,ส่องกระจก,ดูคำว่า กระจก อีกครั้ง
579,กระรอก,ฝันว่าจับลูกของแมลงวันอกใส่จากที่ใดแห่งหนึ่ง นับเป็นความดีใสใข้าใจ ทายว่า จะได้ฉลากหรือในเงินจากการเ
580,สีดา,ฝันเห็นสีดาหรือใส่เครื่องสีดา หรือกิ่งดาวนาง ใหญ่ ทายว่า จะต้องเดินทางไกล หรือมีเรื่องยุ่งยากหรือร้า
581,สุกร,ฝันเห็นสุกรหรือใครเอาสุกรมาใส่เครื่องใส่อื่น ใส่สายโซ่หรือนำมาผูกหลุกไก่ใน ทายว่า จะได้รับโชคลาภ จาก
599,หนอน,ฝันว่าได้จับหนอน หรือมีหนอนบุกใส่ข้าเมือง จากกายเวล หรือค้นต้นในนา หรือตามสักได้สู้กาน ทายว่า จะได้ล
596,หมู,หญิงชายได้ฝันว่าได้ฆ่าหมู หรือเชือดคอหมู ทายว่า จะได้รับความเดือดร้อน ต้องโอกาสย้ายที่อยู่หรือที่ทำง
588,เสียงชี,ฝันเห็นเสียงชี หรือได้ยินเสียงป่างใส่ในกลางแปลง ทายว่า เป็นความสุขดี จะได้รับเสื่อมหรือความแห่งรักดี
583,สังกะสี,ฝันเห็นแผ่นสังกะสี หรือผังกะสีหรือสังคราม ชิ้นใหญ่หรือบิ่นรู ทายว่า จะเสียชีวิตหรือเจ็บร่างกายในเวลา
584,สระ,ฝันว่าเข้าไปเล่นน้ำลอยอยู่ในน้ำ หรือให้นางกิ่งลดน้ำ ลอยน้ำ ทายว่า จะหมดโครงข่าย หรือได้รักษาโรคภัย จ
585,เสียงวิด,ฝันว่าได้ยินเสียงวิด หรือวิดวิด หรือนึก คนว่ากระแสแรงเผ่าหน้าไป ทายว่า จะต้องเสื่อม มีความยาก หรือมี
586,ใส่เหรียญ,ฝันว่าใส่เหรียญ หรือโยน หรือคำรน ทายว่า จะได้ลาภจากการเสี่ยงโชค หรือลาภทางการค้าขายที่ขายได้ขาย
590,สุบ,ฝันว่าสุบบุกไผ่ ปลายให้แล้วแหลม ทายว่า จะได้ให้ช่วยชาติ หรือความเสียหายเสียใจรอย หรือเศร้าเศร้าใจที่
591,สมใจ,ฝันว่าได้ไปงานสมใจ หรือใบงานประสำ ใหม่ คนมีความคิดจะคิดมากจากกบกับผีโดด ทายว่า การที่คิดไว้จะสำเร็จ 
592,แสง,ถ้าฝันเห็นแสงสว่างใส่ห้องแปลเจียม ไม่ใช่ที่กิ่งจิรันปอยุ่งเร่งเรื่อง ครอบครัวจะสุข กิการสว่างดี
597,หนวด,ฝันว่าได้เห็นหนวด หรือโกนหนวดที่ยาว ทายว่า จะต้องมีปากเสียกับคนในบ้าน หรือในที่ทำงาน
587,สายตะพาย,ฝันว่า เอาสายตะพาย หรือเชือกใหม่ จูงเก่า จูงว่าหรือถือที่บีบในมือ ทายว่า จะได้รับข้าวของดีจากทางไกล 
589,สลัก,ฝันว่าสลักหรือแกะสลักรูปใน ทายว่า จะได้เสี่ยงแม้นมิหรือการงานใหม่ และสุขในงานที่กำลังทำ ฝันเจียมหรือ
593,หงอนไก่,ฝันเห็นหงอนไก่หงอนแดงจัด หรือดก หงอนไก่ ทายว่า จะได้รับภัยตรายจากไฟ หรือปฏิเพ้ มีอะไรจะได้รับความตื่
628,อนุสาวรีย์,ฝันเห็นอนุสาวรีย์ หรือรูปปั้น หรือสถานที่ศักดิ์สิทธิ์ หมายว่า จะได้รับข่าวดีจากญาติมิตร หรือจะได้เลื
629,อินทรีย์,ฝันเห็นนกอินทรีย์ หรือนกใหญ่ บินมาใกล้ หรือมีเงี้ยวตัวเองโดยไม่เกรงกลัว หมายว่า จะได้เกียรติ หรือได้
601,หนำ,ฝันว่าตมมองคำหนำ หรืออดชริงเดิงอินหนำ หรือให้นำคี่งเดิงคงเย่น หรือตามตรากนิรา ท่านจะหมดเครายก์ หรือจ
602,ใหญ่,ฝันว่าเห็นสิ่งใหญ่ หรือสิ่งของขนาดใหญ่ สัตว์ใหญ่ หรือจากการใหญ่โต หมายว่า จะได้รับความสำเร็จ
603,ห่วง,ฝันเห็นห่วงทอง หรือห่วงเหล็ก หรือสร้อยทอง กำไลแท้ หมายว่า จะได้บุตรจากคนดี หรือจะมีโชคดี
604,หวาย,ฝันว่าทำเครื่องด้วยหวาย หรือเก็บหวาย หมายว่า จะหมดเสาะห์ หรือพ้นจากโรคภัยไข้เจ็บ หรือจะมีลาภ และจะมี
605,หลุม,ฝันว่าเดินตกลงไปในหลุมอุโมงค์ หรือหลุมดิน กระรอกแต่กรีงอยู่ในหลุม หมายว่า จะหมดเสาะห์ หรือพ้นจากโรคภ
606,ห่านไก่,ฝันว่าได้รับห่านหรือได้กินห่านไก่ หมายว่า จะได้ลาภจากการเสี่ยง หรือลาภจากการค้าขาย
608,หัวค้าน,ฝันเห็นคนหัวค้านผ่านทาง หรือเก็บแก้วใส หมายว่า จะได้รับความเดือดร้อนเป็นร้อนใจจากเพื่อนบ้านหรือคนในบ
609,หางกระรอก,ฝันว่าถูกกระรอกกัด หรือเห็นหางกระรอก หมายว่า จะเป็นที่รัก หรือขอใจกัน ทำให้เกิดความสุขในครอบครัว
610,หัวหมู,ฝันเห็นหัวหมู หรือเครื่องปรุงอาหาร หรือหมูย่าง หมายว่า จะได้รับโชคจากการซื้อ หรือได้เลื่อนตำแหน่งในก
611,กิงห้อย,ฝันเห็นกิงห้อยมีแสงเรือง จ ที่หนี บินกินมากเป็นคลื่น ทายว่า จะได้รับโชคในด้านหนึ่ง หรือเกียจกับไก่โช
612,เหรียญเงิน,(ดูคำว่า 'สตางค์' อีกนง ด.) หมผ้า ฝันว่าตนเองได้หานสกุลเงินไทย ในฝันานนั้น ผ้าใหม่ ทายว่า จะได้รับข่
613,หงส์,ฝันเห็นหงส์หรือห่านในสระ เป็นหงส์เผือกเดียว หมายว่า จะได้รับโชคลาภ ถ้าเป็นผู้ชาย จะได้รับข้าวของหรือ
620,หวีผม,ฝันว่าหวีผมเป็นเลือด ถ้าฝันในเวลากลางวัน หมายว่า จะเสียใจถึงเลือดออก ถ้าฝันในเวลากลางคืน หมายว่า คนร
618,หม่อน,ฝันเห็นหม่อนข้างทาง หรือฝันว่าเก็บหม่อน หรือไปซื้อหม่อน หมายว่า จะได้สมหวังในเนื้อคู่ หรือจะได้ลาภแล
621,แหวน,หญิงชายใดฝันว่า ได้สวมแหวนทอง หรือแหวนเพชร หมายว่า ที่เป็นโสดจะได้พบคู่ใจ ที่มีแฟนหรือมีครอบครัวก็จะ
622,แหวนหาย,หญิงชายใดฝันว่า ทำแหวนหาย หรือถูกคนเอาแหวน หมายว่า จะเสียคนรัก หรือมีข้อพิพาทในครอบครัว
615,หนังสือ,ฝันว่าได้เขียนหนังสือ เป็นการพิพากษา จะได้รับชัยชนะในเรื่องใดเรื่องหนึ่งที่กำลังถกเถียงกัน ผู้ที่ฝัน
616,หนูสีน,ฝันว่าเป็นหนูหึงลูกกล้วยหนึ่งท่วงเงิน พากษา จะได้มีพายุหรือเสียงลิง ทำในสิ่งที่นั้นได้ไม่ง่าย พากษา 
619,เหรียญ,(ดูคำว่า 'เงินทอง' อักษร ง)
617,หน่วย,ฝันว่าถูกหน่วยราชการ หรือหน่วยต่างๆ หมายว่า จะได้รับเกียรติ หรือถูกคนสนใจ
623,ฟิงท้อย,ฝันเห็นฟิงท้อยตัวเดียว ทายว่า การติดใจ จะลมหาง โชคลาภก็ลั่งจะมา
624,กิ้งก่าเล็ก,ฝันว่าดูแลกิ้งก่าเล็ก หมายว่า จะมีการเปลี่ยนแปลงในด้านดี
625,เหาะบิน,ฝันว่าตนเหาะบินไปในอากาศ หมายว่า จะมีเคราะห์ หรือมีเรื่องกวนใจ แต่จะผ่านพ้นไปได้
626,อ่าง,ฝันว่าลงไปในอ่างน้ำ หรือเอาข้าวของใส่ลงในอ่างน้ำ หมายว่า จะหมดเคราะห์ที่เก็บไว้และจะมีความสุขมาแทน
627,อิฐ,ฝันว่าได้วางอิฐเป็นกำแพง หรือขนอิฐ หรือเดินไปบนอิฐก้อนใหญ่ หมายว่า จะได้รับโชคลาภจากสิ่งก่อสร้าง
461,ยุคเข้,ฝันว่าได้ยุคเข้มากินและแสดงความยินดี จะได้รับเกียรติหรืออำนาจจากงานวามสำเร็จ และมักจะเปลี่ยนแปลงฐานะ
634,อำนาจ,ฝันว่าได้อำนาจนั่งที่สูงส่อง เป็นความหวังดีมีมงคล มงคลแก่ตัว แต่ถ้าเป็นการนั่งไปมาไม่มั่นคง จะมีเศร้
636,อุจจาระ (ดูคำว่า 'ขี้' อีกหน้า 1),""
637,อาจารย์,ฝันว่าอาจารย์ออกบวชเป็นพระแล้ว ทำนายว่าจะได้รับโชคจากเจ้านายใหญ่ ถ้าฝันว่าอาจารย์เป็นคนของตน ทำนายว่
639,อาทิตย์,ฝันเห็นพระอาทิตย์ ทำนายว่าจะได้ลาภหรือได้รับข่าวดีจากคนไกล ทำนายว่าผู้ฝันจะได้ลาภจากการค้าขาย หรือฝั
640,ฮูก (โบฮูก),ฝันเห็นฮูกหรือได้รับข้าวทางไกลจากมิตรสหาย
641,ฮ่องเต้ (จักรพรรดิ),ฝันเห็นฮ่องเต้ในฝัน ทำนายว่าจะได้ลาภใหญ่หรือได้เลื่อนตำแหน่ง
643,กิ้งก่า,เป็นความฝันดี ผู้ฝันจะได้ลาภผลอย่างรวดเร็ว
28,ข่าวสาร,ฝันว่าได้รับฟังข่าวสารกะทันหัน หรือข่าวนั้นทำให้สะดุ้งตกใจตื่นขึ้นจากฝัน ทายว่า ผู้นั้นจะได้รับข่าวห
37,ขนตา,ฝันว่าขนตาตนเองงอกงาม ทายว่าจะเป็นนิมิตรมงคลสำหรับคนทุกคน เป็นหญิงจะได้รับชื่อเสียงและการยกย่องไปในท
16,กระบอก,ฝันเห็นกระบอกไม้ไผ่ หรือท่อนไม้เป็นลำใหญ่ ๆ สำหรับตัดมาทำกระบอก ทายว่า จะได้รับอุบัติเหตุจากการเดินท
642,พระอาทิตย์,อีกนัยหนึ่งว่าพระอาทิตย์ตก หรือฟ้าฟ้า เป็นความฝันดีและได้โชคทางการเสี่ยงและการลงทุน
644,ฮี,ให้นึกถึงเสียงฮี หรือเสียงร้องแล้ว ทำนายว่าอาจมีทั้งข่าวดีและข่าวร้าย
42,ควาย,ฝันเห็นควาย เดินเข้ามาเดินเพ่นพ่านอยู่ในเขตบ้าน หรือเห็นวัวควายฝูงใหญ่กลางทุ่งนา ทายว่า จะได้รับข่าว
55,คู่รัก,ฝันเห็นคู่รักหรือคนรัก ได้มีการกอดรัดพูดคุยกันในฝัน ทายว่าจะต้องพลัดคู่จากกัน หรือมีอุปสรรคมาขัดขวาง
138,ซองจดหมาย,ฝันเห็นซองจดหมายหรือได้รับซองจดหมายสีขาว ทำนายว่า จะได้รับเลื่อนตำแหน่งหน้าที่การงานหรือการทำสัญญาว่
149,แดด,ฝันว่าเดินตากแดด อาบแสงแดดใส่ตัวเอง หรือเหงื่อออกเหนื่อยตัว ทายว่า จะได้รับเคราะห์หรือป่วยเจ็บ หรือไ
94,เจ้าที่,ฝันเห็นเจ้าที่ในศาลเจ้าอยู่หรือรูปเทพรักษา หรือรูปปั้นต่างๆ ภายในศาลเจ้าหรือในวิหาร ทายว่า จะหมดเครา
105,จับปิ้ง,ฝันเห็นจับปิ้ง (เครื่องประดับที่สวยของเด็กหญิง ทำด้วยเงินหรือทอง) ที่อยู่กับเด็กหญิง หรือหญิงได้รับเ
153,เดินทาง,ฝันว่าได้เดินทางไปในกลางทะเลทรายหรือป่ารก ทายว่า จะได้รับเคราะห์จากญาติพี่น้องที่อยู่ไกล หรือจากเพื่
118,ช่อดอกไม้,ฝันเห็นช่อดอกไม้ หรือดอกไม้ที่ปักในแจกันเป็นช่อ มีใบอยู่ที่ต้น ทำนายว่า จะได้รับข่าวมงคลจากญาติพี่น้
165,ตกใจ,ฝันว่าได้รับภัยอย่างใดอย่างหนึ่งทำให้ตกใจตื่น ทายว่า จะได้รับข่าวร้ายจากญาติทางไกล ถ้าฝันนั้นไม่เป็น
183,ตะกวด,ฝันเห็นตะกวดหรือเหี้ย เข้ามาอยู่ในบ้าน ความฝันนี้ทายว่า จะมีคนนำลาภหรือสิ่งของมาให้ (ตรงกันข้ามกับที
201,"แตน, ต่อ",ฝันว่าถูกแตนหรือต่อต่อยกัด เป็นฝันไม่สู้ดีนัก ทายว่า ผู้ฝันจะมีศัตรูร้าย ทำให้พลัดที่อยู่หรือโยกย้าย
212,ถ้วย,ฝันเห็นถ้วยน้ำและถ้วยข้าว หรือตนเองถือถ้วยน้ำ ทายว่า สิ่งที่คิดไว้ว่าจะเป็นผลสำเร็จ หรือจะได้รับโชคล
408,ฟัน,หญิงชายใดฝันว่า ฟันตนหัก ถ้าฝันเป็นหญิง หมายว่าจะเสียสามีหรือคนรักข้างล่างปีหน้า ถ้าฝันเป็นชาย หมายว
394,หุ่น,ฝันเห็นหุ่นใหญ่เล็ก หรือหุ่นยนต์ ทำนายว่า จะถูกหลอกลวง หรือต้องเสียทรัพย์ หรือมีฐานะจะต้องถูกโจรกรรม
395,พายเรือ,หญิงชายใดฝันว่าพายเรือไปจากฝั่งหนึ่ง หรือพายเรือผ่านสายลม หมายว่า จะได้รับโชคดีจากการทำกิจกรรม หรือก
398,เพชรพลอย,หญิงชายใดฝันว่า ได้เพชรพลอยใส่เก็บไว้ หรือได้เก็บแสงประกายของเพชรส่องแสงใส หมายว่า หญิงมีครรภ์จะได้บ
239,ทับทิม,ฝันเห็นทับทิมมีลูกเก็บเอามาแกะมาทาน ทายว่า สตรีมีครรภ์จะได้บุตรหญิง หรือจะได้โชคลาภจากเพศตรงข้าม จะม
431,เมา,ฝันเห็นเมาเหล้า ทายว่า กำลังอยู่ในเคราะห์ดิน มีเรื่องทุกข์ร้อน แต่จะมีมิตรแท้ใหญ่มาช่วยเหลือ ให้หาคน
246,โทรศัพท์,ฝันว่าได้โทรศัพท์ หรือได้พูดคุยกับคนที่จากไปไกลและกลับมาพบกัน ทายว่า จะได้รับข่าวร้ายทางไกล หรือญาติ
251,แทง,ฝันว่าตนเองแทงตนเอง ทายว่า จะได้เลื่อนตำแหน่งหน้าที่การงาน ถ้าเป็นพ่อค้า จะได้เปลี่ยนแนวการค้าใหม่ดี
258,เทวาลัย,ฝันเห็นเทวาลัย หรือโบสถ์พราหมณ์ที่ประดิษฐานเทพรูป หรือฝันเห็นเทวรูปปางต่าง ๆ ทายว่า จะได้รับการเลื่อ
279,นรก,หญิงชายใดฝันว่าได้เดินทางลงไปในเมืองนรก ได้เห็นภูติผีปีศาจของคนที่ตกนรกทองแดง ทายว่า จะหมดเคราะห์ ที
299,บ้า,ฝันว่าตนเองเป็นบ้า จะเป็นฝันดี ภัยไรจะหักลง ได้สมความปรารถนา ถ้าเป็นผู้ไม่ได้มีหน้าที่ปกครองคน ก็จะย
356,ใส่ใจ,ฝันว่าถูกไล่ออกจากงาน หรือถูกปลดออกจากหน้าที่ตำแหน่ง ในตำราต่างประเทศจะถือว่าเป็นผลร้าย และหมายถึงคว
462,ยาสีฟัน,ฝันว่าได้ยาสีฟันมาแปรงฟัน ทายว่า จะหมดโรคภัยและจะได้รับความสุขสวัสดิ์ คนที่มีฐานะยากจน ยิ่งฝันแล้ว ม
