3,กฑา (ธนู),ฝันเห็นกฑา หรือธนู หรือหน้าไม้ ทายว่า จะมีลาภ หรือได้รับข่าวเกี่ยวกับญ
8,โกมุท (ดอกบัว),ฝันเห็นดอกบัวตูมหรือโกมุท ได้ถือดอกบัวสีแดง ทายว่า จะหมดเคราะห์หมดทุกข
7,เกือก (รองเท้า),ฝันเห็นเกือกหรือรองเท้า ได้สวม หรือได้รับรองเท้าของเพศตรงข้าม ทายว่า ค
17,กริช, กัณหยั่น,ฝันเห็นกริช (มีดสองคม) หรือกัณหยั่น (มีดสองคมของจีนที่เขียนเป็นหน้าสิง
20,โกนุท (ดอกบัว),ฝันเห็นดอกบัวตูมหรือโกนุท ได้เก็บดอกบัวสีแดง ทายว่า จะหมดเคราะห์หมอดทุ
167,ตกบ่อ,ฝันว่าตนเองตกลงไปในบ่อหรือในหลุมโคลนที่มีหนอนไส้เดือนอยู่ เป็นที่สกปรก
30,ตกจากที่สูง,ฝันว่าถูกลมหอบไป หรือฝันว่าตกลงมาจากที่สูง ทายว่า จะได้รับความผิดหวังห
63,คานพาด,ฝันว่า คานเป็นผู้หญิงจะหมายถึงฐานะของเราทายว่า จะได้รับเลื่อนตำแหน่งหน
64,มาตกรรม,ฝันเห็นการฆาตกรรม หรือเห็นคนวิวาททำร้ายกันถึงตาย หรือตนเองถูกฆ่าแต่กลั
116,ช้อนชาม,ฝันเห็นช้อนหรือชามจาน ถ้าเป็นคนมีครอบครัวแล้ว ทายว่า จะได้บุตรหรือสัตว
83,จอมเสียม,ฝันเห็นจอบหรือเสียม หรือเครื่องมือทางเกษตร ถ้าได้จับต้องจะได้รับผลสำเร
89,จันทร์จรดฟ้า,(ดู ครราส' อักษร จ.)
645,กษัตริย์,ฝันเห็น องค์เจ้าแผ่นดินหรือพระราชินี ท่านจะได้เลื่อนตำปแหน่งยศทางการ ห
100,จับเจ่า,ฝันว่าตนเองนั่งจับเสียงคนเดียวในที่เสี่ยงภัย หรือนั่งอยู่แต่ลำพังคนเดี
102,จำปา-จำปี,ฝันว่าได้ดอกจำปี หรือดอกจำปา ทายว่าเป็นความฝันดี ผู้ฝันจะได้รับความสุข
536,วัวควาย,ฝันว่าทะเลาะวิวาท กับคนแปลกหน้า ทำนายว่า จะได้รับข่าวทางไกลจากญาติมิตร
122,ชลธาร,ฝันเห็นทะเลสาบ ร่องน้ำ หรือลำคลอง หรือน้ำตก ทายว่า จะได้ความสุข หรือมี
130,แซ่ (แส้),ฝันว่าถูกตีด้วยแซ่ เจ็บปวดและมีโลหิตไหลออกจากกายเรา ทายว่า จะได้รับทุก
135,เซิ้ง,ฝันเห็นการเต้นรำทำเพลงอย่างสนุกสนาน ถ้าเป็นหญิง ทายว่า จะได้ลาภเล็ก ๆ 
142,หญิงแต่งชุดสีต่าง ๆ,ฝันเห็นหญิงแต่งชุดดำ ทายว่าจะมีศัตรูคิดปองร้าย ฝันเห็นหญิงแต่งชุดขาว ท
161,ดึก,ฝันว่าเวลาล่วงเที่ยงคืน หรือยามตีสี่ตีห้า ทายว่า ของที่หายไปจะได้กลับค
168,เห็นตัวเราฝันตาย,ทายว่า จะได้รับการมัวหมองจากหน้าที่การงาน หรือได้รับการนินทาไปในทางเสื
180,เตาไฟดับ,ทายว่า จะได้สัตว์เลี้ยงมีคนเข้ามาอยู่ในบ้าน
185,ตกน้ำ,ฝันว่าน้ำไหลจากภูเขามาในบ้าน หรือฝันว่าได้อาบน้ำในบ่อน้ำ มีผู้คนมากมาย
631,อาวุธ (ดูคำว่า 'ศัสตราวุธ' อีกหน้า 8),
2,กางเขน (นก),ฝันเห็นนกกางเขน นกพิราบ หรือนกต่าง ๆ ทายว่า จะต้องพพลัดพรากจากที่อยู่อ
9,กาสาวพัสตร์ (ผ้าเหลือง),ฝันเห็นผ้าไตรจีวร แต่ไม่เห็นองค์พระ ทายว่า ถ้ามีครอบครัวแล้วจะได้บุตรช
312,บ้องไฟ,ฝันเห็นบั้งไฟ หรือดอกไฟที่จุดในงานต่าง ๆ ทายว่า จะเป็นฝันดีแตกต่างจากฝ
319,บูดร,หญิงชายใดฝันว่า มีคนเอาเดียงข้างให้นิม หรือดลอุตดร หากว่า จะต้องเสียขอ
320,เบิด,หญิงชายใดฝันเห็นบิจดกบปลา หรือให้น้ำสึ่ม เมื่อแล้วไม่ได้ตก หากว่า ล่าจ
274,นุ่งผ้า,ฝันว่าได้นุ่งห่มอาภรณ์ หรือเครื่องตบแต่งเป็นสีขาวล้วน ทายว่า จะมีความส
328,บางสะรวง,ฝันว่าได้บังสะรวงเพชรยดา หรือขมานุม คราสมความพิเศษด้วย ๆ หายไร ที่ปวยจ
331,เกี๊ยว,ฝันเห็นเปี๊ยว หรือเงินทองที่คนในสมัยโบราณใช้เป็นสื่อในการซื้อขาย หรือเ
334,กิ้น,หญิงชายใดฝันเห็นปิ้น หรือได้ยินปั้นเป็นที่พอชาสิเธอ พบว่า หญิงจะได้พบเ
286,น้อยหน่า, น้อยใหม่,ฝันว่าได้กินผลไม้น้อยหน่า หรือน้อยใหม่ (ฝันมักจะได้แก่สตรี) ทายว่า ถ้า
352,ป่องประกาศ,ฝันเห็นป่องหรือการประกาศหรือกองทัพแห่แคว้นต่างๆ หมายว่า งานที่กำลังดำเ
359,เกยาก,ฝันว่าตกลงในน้ำงานเผาศพ หรือบ่นต้องพูด หรือได้ดินโคลนกลองของ หายป่วย จ
363,ผิวหนัง,ชายใดฝันว่าได้ผิวหน้าสวยงาม หายาก จะได้รับความรักใคร่จากเพศตรงข้าม หรื
382,กระอาทิตย์,ฝันว่า ได้เห็นดวงอาทิตย์ปลั่งรัศมีส่องแสงสู่พื้นดิน แต่ไม่มังเกิดความร
392,โฮ่งเฮ้ง,ฝันเห็นเครื่องไฟฟ้าหรือไฟฟ้า หรือเห็นบุคคลถูกไฟฟ้าช็อต หมายว่า จะได้รั
400,พวงกุหลาบ,ฝันว่าได้ดอกไม้พวงหนึ่งหรือได้หิมสีแดง เป็นมงคล หมายว่า ผู้มีฝันจะเป็น
405,กู่ราม,ฝันเห็นกันเภรูราม ได้รับต้องอนุลจ่า พายะว่า จะได้ รูปความสุขเมื่อเย็นภ
411,ฟูกนอน,หญิงชายใดฝันว่า ได้นอนฟูกใหม่ หมายว่า จะได้พบคนดี หรือจะมีโชคลาภจากเพศ
421,ภาวนะ,ฝันว่าได้รับต้องการนะที่ป็นแก้ว ทายว่าจะได้ลาภลง ๆ น้อย ๆ หรือลาภลอย ถ
422,ภาพ,ฝันว่าเห็นตนเองเป็นเงาในกระจก หรือในน้ำ ทายว่าจะได้รับเคราะห์ หรือเจ็บ
428,มรกต,(ดูคำว่า 'เพชรพลอย' อีกครั้ง พ.)
430,มาลี,(ดูคำว่า 'มาลัย')
432,มู่ลี่,(ดูคำว่า 'ม่าน' อีกครั้ง ม.)
433,มังดา,(ดูคำว่า 'ปลา' อีกครั้ง ป.)
456,ยางรถ,ฝันเห็นยางล้อรถยนต์กลิ้งอยู่หรือกีดขวางทาง จะได้รับข่าวจากทางไกลของญาต
452,อ้อมแอ้ม,ฝันว่าข้องแข้งตัวเอง ทายว่า วิถีการหาเลี้ยง ทำที่ข้องๆ ระบบปลี่ยนแปลงไ
470,จิตใส,หญิงชายใดฝันว่า จิตใจตนเองใส ทายว่า จะหมดโศกเศร้า มีความสุขและเจริญรุ่
472,รถสพ,หญิงชายใดฝันเห็นรถบรรจุศพ หรือ แห่ศพผ่านหน้า ทายว่า จะได้รับข่าวดี หรื
484,ร่องน้ำ,(ดูคำว่า 'ห้วยราง' อีกด้วย)
483,รูปภาพ,(ดูคำว่า 'ภาพ' อีกษร ก.)
486,ราชินี,(ดูคำว่า 'ราชวงศ์' อีกด้วย)
487,ราชา (ดูคำว่า 'ราชีวงศ์' อีกบ้าง ก.),
495,รุมราม,ฝันว่าเริ่มรักษ์คนใดคนหนึ่ง ทำนายว่า คนๆ นั้นกำลังคิดหรือกุลิจิตระคาดค
497,ลิงพาย,ผู้ใดฝันว่า ตนและลิงตบตีกัน หรือแน่นอนกำปั่นกัน ทำนายว่า จะได้รับความเ
500,ลอยกล,ผู้ใดฝันว่า ตนเองลุกปลิวยุ่งน่าน ย่อมตัวนี้น้ายให้กระแสน้ำท่าไปมากว่าก
501,ล้อยกระทง,ฝันว่าได้ไปลอยกระทง พร้อมกันกระทง ล้อยกอล มีภูปเทียนประดับ ทายว่า ร่าง
502,ล้องแผ่,หญิงชายใดฝันว่า ได้ลิงแผ่พร้อมลองแนวน ประแสน้ำเรื่อย ๆ ทายว่า จะหมดเศร
505,ลิงพาย (ดูคำว่า พาย อีกรา พ.),
512,เดินป่าไผ่,หญิงชายได้ฝันว่า เดินเดินไปในป่าไผ่ ผ่านพ้นไปได้ หายป่วย จะมีโชคลาภ ถ้
514,ลักโมย,หญิงชายได้ฝันว่า คนเอาของลักเลาะหิ้ง เศรษฐี หรือฝันว่าถูกโจรขโมยบ้าน ห
515,ลูยโคลน,(ดูคำว่า 'โคลน' อีกษา ค.)
522,หัวล้าน,ฝันว่าศีรษะคนเป็นล้าน หายป่วย จะหายจากการฝันร้าย หากเป็นตำรับไทยแล้ว ค
534,เรือง,หญิงชายใดฝันว่า ตกลงมหาสมุทรแล้วแกว่งได้ ทำนายว่า จะได้รับเคราะห์ใหญ่ใ
535,วัด, วิหาร,(ดูคำว่า ใบเสด็ก อักษร น) วงกด ฝันว่าได้เดินขึ้นไปบนเขาวงกด เป็นเท็งคอ
538,ว่าว,ฝันว่าคนเอาดาบมาให้ หรือผมได้ดาบ ทำนายว่า จะหมดเดือดร้อน และสำเร็จการง
540,เรียนหนังสือ,ฝันว่าได้ไปเรียนเขียนหนังสือหรือ หายปวดเศีรษะจากโรคปวดหัวเป็นฝันดี ทำน
541,ว่าย, วิทยา,ฝันว่าได้ศึกษาว่ายหรือวิทยาการอย่างหนึ่ง หมายว่าจะได้รับปัญญาจากเพื่อน
543,ศพ (ดูคำว่า 'ลงศพ' ในอักษร ล.),
545,ศาลพระภูมิ (ดูคำว่า 'ศาลเจ้า'),
555,สวดมนต์,หญิงชายใดฝันว่า ได้นั่งสวดอ่านคาถา หรือกำลังคุมภาวนา หมายว่า เป็นนิมิต
571,สำปา,ดูคำว่า 'เรือ' อีกครั้ง
572,แส้,ดูคำว่า 'แซ่' อีกครั้ง
573,แม่ลิง,ฝันเห็นแสดงเป็นลางราย หรือจะจน หรือยา จะได้รับการเปลี่ยนแปลงหน้าที่ หร
577,สายสะพาย,(ความหมายอย่างเดียวกับ สายพราน)
578,ส่องกระจก,ดูคำว่า กระจก อีกครั้ง
579,กระรอก,ฝันว่าจับลูกของแมลงวันอกใส่จากที่ใดแห่งหนึ่ง นับเป็นความดีใสใข้าใจ ทาย
584,สระ,ฝันว่าเข้าไปเล่นน้ำลอยอยู่ในน้ำ หรือให้นางกิ่งลดน้ำ ลอยน้ำ ทายว่า จะหม
612,เหรียญเงิน,(ดูคำว่า 'สตางค์' อีกนง ด.) หมผ้า ฝันว่าตนเองได้หานสกุลเงินไทย ในฝันาน
616,หนูสีน,ฝันว่าเป็นหนูหึงลูกกล้วยหนึ่งท่วงเงิน พากษา จะได้มีพายุหรือเสียงลิง ทำ
619,เหรียญ,(ดูคำว่า 'เงินทอง' อักษร ง)
636,อุจจาระ (ดูคำว่า 'ขี้' อีกหน้า 1),
640,ฮูก (โบฮูก),ฝันเห็นฮูกหรือได้รับข้าวทางไกลจากมิตรสหาย
641,ฮ่องเต้ (จักรพรรดิ),ฝันเห็นฮ่องเต้ในฝัน ทำนายว่าจะได้ลาภใหญ่หรือได้เลื่อนตำแหน่ง
643,กิ้งก่า,เป็นความฝันดี ผู้ฝันจะได้ลาภผลอย่างรวดเร็ว
201,แตน, ต่อ,ฝันว่าถูกแตนหรือต่อต่อยกัด เป็นฝันไม่สู้ดีนัก ทายว่า ผู้ฝันจะมีศัตรูร้
356,ใส่ใจ,ฝันว่าถูกไล่ออกจากงาน หรือถูกปลดออกจากหน้าที่ตำแหน่ง ในตำราต่างประเทศจ
